date,investment,cy_invested,reserve_amt,current,today_pnl_amount,today_pnl_percentage,curr_pnl_amount,curr_pnl_percentage,cy_pnl_amount,cy_pnl_percentage,total_profit,total_loss,overall_pnl_amount,overall_pnl_percentage,total_booked_amt,total_booked_percentage,cy_booked_amt,cy_booked_percentage,py_booked_amt,py_booked_percentage,estimate_st,est_st_pnl_amount,est_st_pnl_percentage,estimate_lt,est_lt_pnl_amount,est_lt_pnl_percentage,cagr
06-12-2024,10102190,11413190,1700,12200238.0,19948.0,0.16,-199431.0,-1.75,760569.0,6.66,828759.0,-1028189.0,2071569.0,20.51,2271000,22.48,960000,7.87,1311000,12.98,19425149.0,7224911.0,59.22,24530839.0,12330601.0,101.07,17.61
10-12-2024,10102190,11413190,2500,12283079.0,80131.0,0.66,-183516.0,-1.61,843484.0,7.39,802490.0,-986008.0,2154484.0,21.33,2338000,23.14,1027000,8.36,1311000,12.98,19441419.0,7158340.0,58.28,24575759.0,12292680.0,100.08,18.11
11-12-2024,10102190,11413190,2500,12314905.0,34495.0,0.28,-151690.0,-1.33,875310.0,7.67,837993.0,-989681.0,2186310.0,21.64,2338000,23.14,1027000,8.34,1311000,12.98,19441419.0,7126514.0,57.87,24574013.0,12259108.0,99.55,18.32
16-12-2024,10102190,11413190,2500,12227280.0,29403.0,0.24,-239315.0,-2.1,787685.0,6.9,827639.0,-1066953.0,2098685.0,20.77,2338000,23.14,1027000,8.4,1311000,12.98,19441830.0,7214550.0,59.0,24576170.0,12348890.0,100.99,17.4
17-12-2024,10102190,11413190,2500,12098044.0,-131789.0,-1.08,-368551.0,-3.23,658449.0,5.77,762069.0,-1130618.0,1969449.0,19.5,2338000,23.14,1027000,8.49,1311000,12.98,19441419.0,7343375.0,60.7,24575046.0,12477002.0,103.13,16.33
20-12-2024,10102190,11413190,2500,11675816.0,-223199.0,-1.88,-790779.0,-6.93,236221.0,2.07,636983.0,-1427765.0,1547221.0,15.32,2338000,23.14,1027000,8.8,1311000,12.98,19441830.0,7766014.0,66.51,24571916.0,12896100.0,110.45,12.85
21-12-2024,10102190,11413190,2500,11676518.0,-221905.0,-1.86,-790077.0,-6.92,236923.0,2.08,636443.0,-1426520.0,1547923.0,15.32,2338000,23.14,1027000,8.8,1311000,12.98,19441830.0,7765312.0,66.5,24573711.0,12897193.0,110.45,12.83
27-12-2024,10302190,11613190,3100,11845645.0,-177.0,0.0,-858744.0,-7.39,207256.0,1.78,573180.0,-1431927.0,1518256.0,14.74,2377000,23.07,1066000,9.0,1311000,12.73,19594291.0,7748646.0,65.41,24929116.0,13083471.0,110.45,12.4
30-12-2024,10302190,11613190,3100,11778728.0,-66917.0,-0.56,-925661.0,-7.97,140339.0,1.21,533042.0,-1458704.0,1451339.0,14.09,2377000,23.07,1066000,9.05,1311000,12.73,18927436.0,7148708.0,60.69,24712189.0,12933461.0,109.8,11.79
31-12-2024,10302190,11613190,3100,11814394.0,33362.0,0.28,-889995.0,-7.66,176005.0,1.52,554111.0,-1444108.0,1487005.0,14.43,2377000,23.07,1066000,9.02,1311000,12.73,19035673.0,7221279.0,61.12,24712189.0,12897795.0,109.17,12.04
01-01-2025,10302190,11613190,3100,11950129.0,135735.0,1.15,-754260.0,-6.49,311740.0,2.68,584764.0,-1339026.0,1622740.0,15.75,2377000,23.07,1066000,8.92,1311000,12.73,19070574.0,7120445.0,59.58,24710393.0,12760264.0,106.78,13.07
02-01-2025,10302190,11613190,3100,12075972.0,125843.0,1.05,-628417.0,-5.41,437583.0,3.77,637395.0,-1265811.0,1748583.0,16.97,2377000,23.07,1066000,8.83,1311000,12.73,19070574.0,6994602.0,57.92,24708647.0,12632675.0,104.61,14.0
03-01-2025,10392190,11703190,3000,12162743.0,2527.0,0.02,-649906.0,-5.55,437094.0,3.73,610848.0,-1260761.0,1748094.0,16.82,2398000,23.08,1087000,8.94,1311000,12.62,19209748.0,7047005.0,57.94,24776026.0,12613283.0,103.7,13.95
06-01-2025,10392190,11703190,3000,11855983.0,-306760.0,-2.52,-956666.0,-8.17,130334.0,1.11,525337.0,-1482003.0,1441334.0,13.87,2398000,23.08,1087000,9.17,1311000,12.62,18673012.0,6817029.0,57.5,24771771.0,12915788.0,108.94,11.5
07-01-2025,10392190,11703190,0,11962074.0,108384.0,0.91,-914929.0,-7.82,235071.0,2.01,480610.0,-1395540.0,1546071.0,14.88,2461000,23.68,1150000,9.61,1311000,12.62,18708116.0,6746042.0,56.4,24810448.0,12848374.0,107.41,12.29
08-01-2025,10392190,11703190,0,11905854.0,-56220.0,-0.47,-971149.0,-8.3,178851.0,1.53,459715.0,-1430865.0,1489851.0,14.34,2461000,23.68,1150000,9.66,1311000,12.62,18708116.0,6802262.0,57.13,24811161.0,12905307.0,108.39,11.83
10-01-2025,10392190,11703190,0,11642800.0,-207641.0,-1.75,-1234203.0,-10.55,-84203.0,-0.72,408033.0,-1642237.0,1226797.0,11.8,2461000,23.68,1150000,9.88,1311000,12.62,18690893.0,7048093.0,60.54,24799634.0,13156834.0,113.0,9.72
13-01-2025,10392190,11703190,0,11271529.0,-371271.0,-3.19,-1605474.0,-13.72,-455474.0,-3.89,314395.0,-1919872.0,855526.0,8.23,2461000,23.68,1150000,10.2,1311000,12.62,18690893.0,7419364.0,65.82,24798942.0,13527413.0,120.01,6.84
14-01-2025,10392190,11703190,0,11438357.0,162234.0,1.44,-1467919.0,-12.54,-282919.0,-2.42,301952.0,-1769873.0,1028081.0,9.89,2496000,24.02,1185000,10.36,1311000,12.62,18648458.0,7210101.0,63.03,24753134.0,13314777.0,116.4,8.12
16-01-2025,10427190,11738190,0,11585935.0,117152.0,1.02,-1355167.0,-11.54,-165167.0,-1.41,337448.0,-1692613.0,1145833.0,10.99,2501000,23.99,1190000,10.27,1311000,12.57,18699578.0,7113643.0,61.4,24808815.0,13222880.0,114.13,8.94
17-01-2025,10427190,11738190,0,11578815.0,-6730.0,-0.06,-1362287.0,-11.61,-172287.0,-1.47,319559.0,-1681842.0,1138713.0,10.92,2501000,23.99,1190000,10.28,1311000,12.57,18699578.0,7120763.0,61.5,24809507.0,13230692.0,114.27,8.84
20-01-2025,10427190,11738190,1039000,11658409.0,53088.0,0.46,-1419364.0,-12.09,-94364.0,-0.8,233075.0,-1652442.0,1216636.0,11.67,2636000,25.28,1325000,11.37,1311000,12.57,18298791.0,6640382.0,56.96,24207591.0,12549182.0,107.64,9.4
21-01-2025,10427190,11738190,421847,11551802.0,-112896.0,-0.97,-1526890.0,-13.01,-199890.0,-1.7,197721.0,-1724612.0,1111110.0,10.66,2638000,25.3,1327000,11.49,1311000,12.57,18484782.0,6932980.0,60.02,24396372.0,12844570.0,111.19,8.58
22-01-2025,10427190,11738190,421847,11488567.0,-62983.0,-0.55,-1590125.0,-13.55,-263125.0,-2.24,210131.0,-1800256.0,1047875.0,10.05,2638000,25.3,1327000,11.55,1311000,12.57,18484450.0,6995883.0,60.89,24396039.0,12907472.0,112.35,8.09
23-01-2025,10427190,11738190,421847,11556704.0,68137.0,0.59,-1521988.0,-12.97,-194988.0,-1.66,242228.0,-1764213.0,1116012.0,10.7,2638000,25.3,1327000,11.48,1311000,12.57,18484450.0,6927746.0,59.95,24391785.0,12835081.0,111.06,8.58
24-01-2025,10427190,11738190,421847,11420856.0,-135848.0,-1.18,-1657836.0,-14.12,-330836.0,-2.82,214001.0,-1871831.0,980164.0,9.4,2638000,25.3,1327000,11.62,1311000,12.57,18484450.0,7063594.0,61.85,24396039.0,12975183.0,113.61,7.54
27-01-2025,10427190,11738190,239000,11162223.0,-260433.0,-2.28,-1916611.0,-16.33,-589611.0,-5.02,172729.0,-2089340.0,721389.0,6.92,2638000,25.3,1327000,11.89,1311000,12.57,18481925.0,7319702.0,65.58,24394745.0,13232522.0,118.55,5.57
28-01-2025,10427190,11738190,239000,11143039.0,-274109.0,-2.4,-1935795.0,-16.49,-608795.0,-5.19,188208.0,-2124005.0,702205.0,6.73,2638000,25.3,1327000,11.91,1311000,12.57,18481925.0,7338886.0,65.86,24392560.0,13249521.0,118.9,5.41
29-01-2025,10427190,11738190,239000,11321227.0,180818.0,1.62,-1757607.0,-14.97,-430607.0,-3.67,227105.0,-1984716.0,880393.0,8.44,2638000,25.3,1327000,11.72,1311000,12.57,18481925.0,7160698.0,63.25,24390821.0,13069594.0,115.44,6.72
30-01-2025,10427190,11738190,731000,11357171.0,27457.0,0.24,-1778296.0,-15.15,-391296.0,-3.33,184908.0,-1963199.0,919704.0,8.82,2698000,25.87,1387000,12.21,1311000,12.57,18364819.0,7007648.0,61.7,24294158.0,12936987.0,113.91,6.97
31-01-2025,10427190,11738190,731000,11411639.0,81925.0,0.72,-1723828.0,-14.69,-336828.0,-2.87,202571.0,-1926401.0,974172.0,9.34,2698000,25.87,1387000,12.15,1311000,12.57,18364819.0,6953180.0,60.93,24297700.0,12886061.0,112.92,7.36
31-01-2025,10427190,11738190,331000,11509121.0,169392.0,1.49,-1630919.0,-13.89,-243919.0,-2.08,215582.0,-1846496.0,1067081.0,10.23,2698000,25.87,1387000,12.05,1311000,12.57,18526569.0,7017448.0,60.97,24508662.0,12999541.0,112.95,8.08
01-02-2025,10427190,11738190,331000,11569458.0,60337.0,0.52,-1570582.0,-13.38,-183582.0,-1.56,263104.0,-1833686.0,1127418.0,10.81,2698000,25.87,1387000,11.99,1311000,12.57,18526194.0,6956736.0,60.13,24506545.0,12937087.0,111.82,8.48
03-02-2025,10427190,11738190,331000,11417881.0,-91171.0,-0.79,-1722159.0,-14.67,-335159.0,-2.86,220417.0,-1942576.0,975841.0,9.36,2698000,25.87,1387000,12.15,1311000,12.57,18526194.0,7108313.0,62.26,24504745.0,13086864.0,114.62,7.36
04-02-2025,10427190,11738190,123000,11515154.0,101125.0,0.89,-1618366.0,-13.79,-231366.0,-1.97,258896.0,-1877262.0,1079634.0,10.35,2698000,25.87,1387000,12.04,1311000,12.57,18546889.0,7031735.0,61.07,24542743.0,13027589.0,113.13,8.05
05-02-2025,10427190,11738190,123000,11563250.0,48676.0,0.42,-1570270.0,-13.38,-183270.0,-1.56,277582.0,-1847853.0,1127730.0,10.82,2698000,25.87,1387000,11.99,1311000,12.57,18546412.0,6983162.0,60.39,24542461.0,12979211.0,112.25,8.38
06-02-2025,10427190,11738190,123000,11579452.0,16202.0,0.14,-1554068.0,-13.24,-167068.0,-1.42,269976.0,-1824047.0,1143932.0,10.97,2698000,25.87,1387000,11.98,1311000,12.57,18546412.0,6966960.0,60.17,24538065.0,12958613.0,111.91,8.48
07-02-2025,10427190,11738190,123000,11496055.0,-80083.0,-0.69,-1637465.0,-13.95,-250465.0,-2.13,261078.0,-1898544.0,1060535.0,10.17,2698000,25.87,1387000,12.07,1311000,12.57,18545706.0,7049651.0,61.32,24530155.0,13034100.0,113.38,7.86
10-02-2025,10427190,11738190,248000,11451715.0,-169340.0,-1.46,-1806805.0,-15.39,-419805.0,-3.58,220468.0,-2027272.0,891195.0,8.55,2698000,25.87,1387000,12.11,1311000,12.57,18670706.0,7218991.0,63.04,24653535.0,13201820.0,115.28,7.49
11-02-2025,10652190,11963190,248000,11268533.0,-283340.0,-2.45,-2090385.0,-17.47,-703385.0,-5.88,178069.0,-2268455.0,607615.0,5.7,2698000,25.33,1387000,12.31,1311000,12.31,18796166.0,7527633.0,66.8,24799656.0,13531123.0,120.08,4.53
12-02-2025,10652190,11963190,248000,11260804.0,-9985.0,-0.09,-2098114.0,-17.54,-711114.0,-5.94,185044.0,-2283159.0,599886.0,5.63,2698000,25.33,1387000,12.32,1311000,12.31,18796166.0,7535362.0,66.92,24799834.0,13539030.0,120.23,4.46
13-02-2025,10652190,11963190,248000,11261097.0,3031.0,0.03,-2097821.0,-17.54,-710821.0,-5.94,194126.0,-2291943.0,600179.0,5.63,2698000,25.33,1387000,12.32,1311000,12.31,18796166.0,7535069.0,66.91,24795912.0,13534815.0,120.19,4.45
14-02-2025,10652190,11963190,248000,11061432.0,-199659.0,-1.77,-2297486.0,-19.2,-910486.0,-7.61,176211.0,-2473700.0,400514.0,3.76,2698000,25.33,1387000,12.54,1311000,12.31,18796158.0,7734726.0,69.93,24792714.0,13731282.0,124.14,3.0
18-02-2025,10652190,11963190,148000,10937134.0,-80307.0,-0.73,-2422361.0,-20.25,-1035361.0,-8.65,183981.0,-2606347.0,275639.0,2.59,2698000,25.33,1387000,12.68,1311000,12.31,18827880.0,7890746.0,72.15,24850367.0,13913233.0,127.21,2.07
24-02-2025,10652190,11963190,148000,10992938.0,-115062.0,-1.04,-2366557.0,-19.78,-979557.0,-8.19,175526.0,-2542080.0,331443.0,3.11,2698000,25.33,1387000,12.62,1311000,12.31,18827880.0,7834942.0,71.27,24852482.0,13859544.0,126.08,2.45
25-02-2025,10652190,11963190,148000,10924857.0,-69644.0,-0.63,-2434638.0,-20.35,-1047638.0,-8.76,173634.0,-2608273.0,263362.0,2.47,2698000,25.33,1387000,12.7,1311000,12.31,18827880.0,7903023.0,72.34,24851676.0,13926819.0,127.48,1.96
27-02-2025,10652190,11963190,148000,10830493.0,-94364.0,-0.86,-2529002.0,-21.14,-1142002.0,-9.55,176214.0,-2705215.0,168998.0,1.59,2698000,25.33,1387000,12.81,1311000,12.31,18827880.0,7997387.0,73.84,24855578.0,14025085.0,129.5,1.28
28-02-2025,10652190,11963190,148000,10591121.0,-239372.0,-2.21,-2768374.0,-23.14,-1381374.0,-11.55,145645.0,-2914020.0,-70374.0,-0.66,2698000,25.33,1387000,13.1,1311000,12.31,18827880.0,8236759.0,77.77,24848811.0,14257690.0,134.62,-0.44
03-03-2025,10652190,11963190,148000,10507296.0,-83825.0,-0.79,-2852199.0,-23.84,-1465199.0,-12.25,147579.0,-2999777.0,-154199.0,-1.45,2698000,25.33,1387000,13.2,1311000,12.31,18778078.0,8270782.0,78.71,24851322.0,14344026.0,136.51,-1.03
04-03-2025,10652190,11963190,148000,10534895.0,27599.0,0.26,-2824600.0,-23.61,-1437600.0,-12.02,156421.0,-2981020.0,-126600.0,-1.19,2698000,25.33,1387000,13.17,1311000,12.31,18778078.0,8243183.0,78.25,24848864.0,14313969.0,135.87,-0.84
06-03-2025,10652190,11963190,52000,10916815.0,139764.0,1.3,-2442233.0,-20.41,-1055233.0,-8.82,185718.0,-2627951.0,255767.0,2.4,2698000,25.33,1387000,12.71,1311000,12.31,18894020.0,7977205.0,73.07,24922925.0,14006110.0,128.3,1.86
07-03-2025,10652190,11963190,52000,10951286.0,34655.0,0.32,-2407762.0,-20.13,-1020762.0,-8.53,180440.0,-2588203.0,290238.0,2.72,2698000,25.33,1387000,12.67,1311000,12.31,18893771.0,7942485.0,72.53,24919865.0,13968579.0,127.55,2.1
10-03-2025,10652190,11963190,52000,10782467.0,-168819.0,-1.54,-2576581.0,-21.54,-1189581.0,-9.94,173832.0,-2750420.0,121419.0,1.14,2698000,25.33,1387000,12.86,1311000,12.31,18893771.0,8111304.0,75.23,24918068.0,14135601.0,131.1,0.91
11-03-2025,10652190,11963190,52000,10688115.0,-94352.0,-0.88,-2670933.0,-22.33,-1283933.0,-10.73,161576.0,-2832509.0,27067.0,0.25,2698000,25.33,1387000,12.98,1311000,12.31,18893771.0,8205656.0,76.77,24922323.0,14234208.0,133.18,0.25
18-03-2025,10604190,11915190,4000,10706567.0,199101.0,1.89,-2604481.0,-21.86,-1217481.0,-10.22,215537.0,-2820018.0,93519.0,0.88,2698000,25.44,1387000,12.95,1311000,12.36,18845771.0,8139204.0,76.02,24871134.0,14164567.0,132.3,0.71
19-03-2025,10604190,11915190,4000,10906442.0,396180.0,3.77,-2404606.0,-20.18,-1017606.0,-8.54,252215.0,-2656823.0,293394.0,2.77,2698000,25.44,1387000,12.72,1311000,12.36,18845771.0,7939329.0,72.79,24871009.0,13964567.0,128.04,2.07
20-03-2025,10604190,11915190,4000,10981045.0,75318.0,0.69,-2330003.0,-19.55,-943003.0,-7.91,273049.0,-2603044.0,367997.0,3.47,2698000,25.44,1387000,12.63,1311000,12.36,18845771.0,7864726.0,71.62,24872620.0,13891575.0,126.51,2.57
21-03-2025,10604190,11915190,4000,11139557.0,162031.0,1.48,-2171491.0,-18.22,-784491.0,-6.58,313108.0,-2484601.0,526509.0,4.97,2698000,25.44,1387000,12.45,1311000,12.36,18845771.0,7706214.0,69.18,24867704.0,13728147.0,123.24,3.64
24-03-2025,10604190,11915190,4000,11269073.0,129516.0,1.16,-2041975.0,-17.14,-654975.0,-5.5,347201.0,-2389172.0,656025.0,6.19,2698000,25.44,1387000,12.31,1311000,12.36,18845771.0,7576698.0,67.23,24860824.0,13591751.0,120.61,4.48
25-03-2025,10604190,11915190,4000,11127728.0,-141345.0,-1.25,-2183320.0,-18.32,-796320.0,-6.68,324772.0,-2508088.0,514680.0,4.85,2698000,25.44,1387000,12.46,1311000,12.36,18845771.0,7718043.0,69.36,24860771.0,13733043.0,123.41,3.53
26-03-2025,10604190,11915190,4000,11024887.0,-102841.0,-0.92,-2286161.0,-19.19,-899161.0,-7.55,310115.0,-2596276.0,411839.0,3.88,2698000,25.44,1387000,12.58,1311000,12.36,18845771.0,7820884.0,70.94,24862375.0,13837488.0,125.51,2.83
27-03-2025,10604190,11915190,4000,11068367.0,43480.0,0.39,-2242681.0,-18.82,-855681.0,-7.18,339106.0,-2581783.0,455319.0,4.29,2698000,25.44,1387000,12.53,1311000,12.36,18845771.0,7777404.0,70.27,24867651.0,13799284.0,124.67,3.12
28-03-2025,10604190,11915190,4000,11004653.0,-63714.0,-0.58,-2306395.0,-19.36,-919395.0,-7.72,343890.0,-2650283.0,391605.0,3.69,2698000,25.44,1387000,12.6,1311000,12.36,18845771.0,7841118.0,71.25,24866825.0,13862172.0,125.97,2.68
01-04-2025,10604190,11915190,4000,11067059.0,62406.0,0.57,-2243989.0,-18.83,-856989.0,-7.19,308058.0,-2552049.0,454011.0,4.28,2698000,25.44,1387000,12.53,1311000,12.36,18845771.0,7778712.0,70.29,24862517.0,13795458.0,124.65,3.08
02-04-2025,10904190,12215190,300000,11456791.0,93732.0,0.82,-2150257.0,-17.6,-763257.0,-6.25,351627.0,-2501885.0,547743.0,5.02,2698000,24.74,1387000,12.11,1311000,12.02,19141771.0,7684980.0,67.08,25162629.0,13705838.0,119.63,3.66
03-04-2025,10904190,12215190,300000,11531934.0,75143.0,0.66,-2075114.0,-16.99,-688114.0,-5.63,371121.0,-2446239.0,622886.0,5.71,2698000,24.74,1387000,12.03,1311000,12.02,19141771.0,7609837.0,65.99,25165592.0,13633658.0,118.23,4.15
04-04-2025,10904190,13602190,0,11250806.0,-281369.0,-2.44,-2356964.0,-17.33,-2356964.0,-17.33,297967.0,-2654930.0,341036.0,3.13,2698000,24.74,0,0.0,2698000,24.74,19335092.0,8084286.0,71.86,25448071.0,14197265.0,126.19,2.29
07-04-2025,10904190,13602190,0,10865023.0,-385783.0,-3.43,-2742747.0,-20.16,-2742747.0,-20.16,218564.0,-2961313.0,-44747.0,-0.41,2698000,24.74,0,0.0,2698000,24.74,19335092.0,8470069.0,77.96,25448164.0,14583141.0,134.22,-0.26
08-04-2025,10904190,13602190,0,11121374.0,256351.0,2.36,-2486396.0,-18.28,-2486396.0,-18.28,285734.0,-2772128.0,211604.0,1.94,2698000,24.74,0,0.0,2698000,24.74,19335092.0,8213718.0,73.86,25451673.0,14330299.0,128.85,1.43
09-04-2025,10904190,13602190,4000,11081730.0,-38186.0,-0.34,-2542065.0,-18.69,-2528565.0,-18.59,272114.0,-2814185.0,169435.0,1.55,2711500,24.87,13500,0.12,2698000,24.74,19372309.0,8290579.0,74.81,25489769.0,14408039.0,130.02,1.17
11-04-2025,10904190,13602190,213000,11241467.0,169413.0,1.53,-2397055.0,-17.62,-2368181.0,-17.41,286952.0,-2684008.0,329819.0,3.02,2726874,25.01,28874,0.26,2698000,24.74,19332213.0,8090746.0,71.97,25353286.0,14111819.0,125.53,2.2
15-04-2025,10904190,13602190,213000,11445802.0,204335.0,1.82,-2192720.0,-16.12,-2163846.0,-15.91,366074.0,-2558793.0,534154.0,4.9,2726874,25.01,28874,0.25,2698000,24.74,19332213.0,7886411.0,68.9,25352623.0,13906821.0,121.5,3.5
16-04-2025,10904190,13602190,213000,11548267.0,102465.0,0.9,-2090255.0,-15.37,-2061381.0,-15.15,417983.0,-2508235.0,636619.0,5.84,2726874,25.01,28874,0.25,2698000,24.74,19332213.0,7783946.0,67.4,25356796.0,13808529.0,119.57,4.14
17-04-2025,10904190,13602190,3000,11637687.0,119639.0,1.04,-1972084.0,-14.5,-1943210.0,-14.29,475343.0,-2447428.0,754790.0,6.92,2726874,25.01,28874,0.25,2698000,24.74,19394425.0,7756738.0,66.65,25417030.0,13779343.0,118.4,4.68
21-04-2025,10904190,13602190,3000,11800988.0,163301.0,1.4,-1808783.0,-13.3,-1779909.0,-13.09,519098.0,-2327880.0,918091.0,8.42,2726874,25.01,28874,0.24,2698000,24.74,19394425.0,7593437.0,64.35,25411960.0,13610972.0,115.34,5.68
22-04-2025,10904190,13602190,3000,11878927.0,77939.0,0.66,-1730844.0,-12.72,-1701970.0,-12.51,554541.0,-2285380.0,996030.0,9.13,2726874,25.01,28874,0.24,2698000,24.74,19394425.0,7515498.0,63.27,25410133.0,13531206.0,113.91,6.16
23-04-2025,11004190,13702190,2000,11915211.0,44057.0,0.37,-1812079.0,-13.22,-1658408.0,-12.1,439011.0,-2251091.0,1039592.0,9.45,2851671,25.91,153671,1.29,2698000,24.52,19606080.0,7690869.0,64.55,25650989.0,13735778.0,115.28,5.75
24-04-2025,11004190,13702190,2000,11934336.0,19125.0,0.16,-1792954.0,-13.09,-1639283.0,-11.96,430266.0,-2223223.0,1058717.0,9.62,2851671,25.91,153671,1.29,2698000,24.52,19606080.0,7671744.0,64.28,25656919.0,13722583.0,114.98,5.86
25-04-2025,11004190,13702190,2000,11670827.0,-263509.0,-2.21,-2056463.0,-15.01,-1902792.0,-13.89,354636.0,-2411097.0,795208.0,7.23,2851671,25.91,153671,1.32,2698000,24.52,19606080.0,7935253.0,67.99,25655244.0,13984417.0,119.82,4.21
28-04-2025,11004190,13702190,2000,11758583.0,87756.0,0.75,-1968707.0,-14.37,-1815036.0,-13.25,405331.0,-2374039.0,882964.0,8.02,2851671,25.91,153671,1.31,2698000,24.52,19606080.0,7847497.0,66.74,25657868.0,13899285.0,118.21,4.73
29-04-2025,11004190,13702190,2000,11781366.0,22783.0,0.19,-1945924.0,-14.2,-1792253.0,-13.08,421484.0,-2367408.0,905747.0,8.23,2851671,25.91,153671,1.3,2698000,24.52,19606080.0,7824714.0,66.42,25652724.0,13871358.0,117.74,4.86
30-04-2025,11004190,13702190,228223,11664195.0,-116248.0,-0.99,-2111466.0,-15.41,-1910069.0,-13.94,358063.0,-2469534.0,787931.0,7.16,2899397,26.35,201397,1.73,2698000,24.52,19541150.0,7876955.0,67.53,25589365.0,13925170.0,119.38,4.13
02-05-2025,11404190,14102190,478223,12166675.0,-26345.0,-0.22,-2107012.0,-14.94,-1905615.0,-13.51,349292.0,-2456301.0,792385.0,6.95,2899397,25.42,201397,1.66,2698000,23.66,20252439.0,8085764.0,66.46,26322358.0,14155683.0,116.35,4.74
05-05-2025,11404190,14102190,478223,12287513.0,137546.0,1.13,-1986174.0,-14.08,-1784777.0,-12.66,384859.0,-2371035.0,913223.0,8.01,2899397,25.42,201397,1.64,2698000,23.66,20252439.0,7964926.0,64.82,26328121.0,14040608.0,114.27,5.45
07-05-2025,11404190,14102190,631000,12338973.0,77791.0,0.63,-2212204.0,-15.69,-1928807.0,-13.68,288954.0,-2501159.0,769193.0,6.74,2981397,26.14,283397,2.3,2698000,23.66,20470954.0,8131981.0,65.9,26581064.0,14242091.0,115.42,5.74
08-05-2025,11404190,14102190,631000,12207440.0,-131533.0,-1.07,-2343737.0,-16.62,-2060340.0,-14.61,265984.0,-2609721.0,637660.0,5.59,2981397,26.14,283397,2.32,2698000,23.66,20470954.0,8263514.0,67.69,26586328.0,14378888.0,117.79,4.92
09-05-2025,11404190,14102190,377782,12162820.0,-47974.0,-0.39,-2396888.0,-17.0,-2113491.0,-14.99,249079.0,-2645971.0,584509.0,5.13,2981397,26.14,283397,2.33,2698000,23.66,20670367.0,8507547.0,69.95,26848304.0,14685484.0,120.74,4.65
12-05-2025,11404190,14102190,402782,12638731.0,467234.0,3.84,-1927484.0,-13.67,-1640587.0,-11.63,384950.0,-2312432.0,1057413.0,9.27,2984897,26.17,286897,2.27,2698000,23.66,20754154.0,8115423.0,64.21,26921781.0,14283050.0,113.01,7.46
13-05-2025,11404190,14102190,402782,12673643.0,34912.0,0.28,-1892572.0,-13.42,-1605675.0,-11.39,373092.0,-2265666.0,1092325.0,9.58,2984897,26.17,286897,2.26,2698000,23.66,20754154.0,8080511.0,63.76,26924561.0,14250918.0,112.45,7.63
2025-05-14,11404190,14102190,220782,12554688.0,104284.0,0.84,-1808064.0,-12.82,-1521167.0,-10.79,372599.0,-2180664.0,1176833.0,10.32,2984897,26.17,286897,2.29,2698000,23.66,20611904.0,8057216.0,64.18,26762690.0,14208002.0,113.17,6.93
2025-05-15,11404190,14102190,220782,12670753.0,116065.0,0.92,-1691999.0,-12.0,-1405102.0,-9.96,419000.0,-2111003.0,1292898.0,11.34,2984897,26.17,286897,2.26,2698000,23.66,20611790.0,7941037.0,62.67,26762449.0,14091696.0,111.21,7.6
2025-05-16,11404190,14102190,210782,12809394.0,142620.0,1.13,-1579494.0,-11.2,-1266597.0,-8.98,432409.0,-2011895.0,1431403.0,12.55,3010897,26.4,312897,2.44,2698000,23.66,20659886.0,7850492.0,61.29,26808533.0,13999139.0,109.29,8.39
2025-05-19,11404190,14102190,55893,12840732.0,36451.0,0.28,-1543728.0,-10.95,-1227812.0,-8.71,443786.0,-1987510.0,1470188.0,12.89,3013916,26.43,315916,2.46,2698000,23.66,20694607.0,7853875.0,61.16,26843667.0,14002935.0,109.05,8.53
2025-05-20,11404190,14102190,55893,12696162.0,-144570.0,-1.13,-1688298.0,-11.97,-1372382.0,-9.73,421493.0,-2109796.0,1325618.0,11.62,3013916,26.43,315916,2.49,2698000,23.66,20694493.0,7998331.0,63.0,26845165.0,14149003.0,111.44,7.68
2025-05-21,11404190,14102190,294279,12781729.0,85246.0,0.67,-1645677.0,-11.67,-1286458.0,-9.12,407050.0,-2052728.0,1411542.0,12.38,3057219,26.81,359219,2.81,2698000,23.66,20660368.0,7878639.0,61.64,26789665.0,14007936.0,109.59,8.15
2025-05-22,11404190,14102190,195090,12728948.0,-50283.0,-0.39,-1722489.0,-12.21,-1336270.0,-9.48,365440.0,-2087926.0,1361730.0,11.94,3084219,27.04,386219,3.03,2698000,23.66,20778302.0,8049354.0,63.24,26900243.0,14171295.0,111.33,7.83
2025-05-23,11404190,14102190,499000,12808733.0,78054.0,0.61,-1688414.0,-11.97,-1259195.0,-8.93,360342.0,-2048759.0,1438805.0,12.62,3127219,27.42,429219,3.35,2698000,23.66,20672264.0,7863531.0,61.39,26788139.0,13979406.0,109.14,8.28
2025-05-27,11404190,14102190,187000,12935080.0,37109.0,0.29,-1639973.0,-11.63,-1210754.0,-8.59,379396.0,-2019367.0,1487246.0,13.04,3127219,27.42,429219,3.32,2698000,23.66,20873077.0,7937997.0,61.37,27003498.0,14068418.0,108.76,8.93
2025-05-28,11654190,14352190,537000,13196130.0,13601.0,0.1,-1645119.0,-11.46,-1198900.0,-8.35,378093.0,-2023208.0,1499100.0,12.86,3144219,26.98,446219,3.38,2698000,23.15,21116054.0,7919924.0,60.02,27238890.0,14042760.0,106.42,8.97
2025-05-29,11654190,14352190,423930,13226262.0,30536.0,0.23,-1614686.0,-11.25,-1167411.0,-8.13,394842.0,-2009527.0,1530589.0,13.13,3145275,26.99,447275,3.38,2698000,23.15,21156285.0,7930023.0,59.96,27285720.0,14059458.0,106.3,9.13
2025-05-30,11654190,14352190,423930,13205400.0,-17364.0,-0.13,-1635548.0,-11.4,-1188273.0,-8.28,402194.0,-2037746.0,1509727.0,12.95,3145275,26.99,447275,3.39,2698000,23.15,21156285.0,7950885.0,60.21,27285369.0,14079969.0,106.62,8.99
2025-06-02,11654190,14352190,393167,13252993.0,48049.0,0.36,-1587324.0,-11.06,-1140049.0,-7.94,434709.0,-2022037.0,1557951.0,13.37,3145275,26.99,447275,3.37,2698000,23.15,21171823.0,7918830.0,59.75,27300134.0,14047141.0,105.99,9.21
2025-06-03,11654190,14352190,103167,13151575.0,-72312.0,-0.55,-1658927.0,-11.56,-1211652.0,-8.44,421400.0,-2080327.0,1486348.0,12.75,3145275,26.99,447275,3.4,2698000,23.15,21120652.0,7969077.0,60.59,27349633.0,14198058.0,107.96,8.62
2025-06-04,11654190,14352190,103167,13193928.0,46451.0,0.35,-1616574.0,-11.26,-1169299.0,-8.15,445261.0,-2061836.0,1528701.0,13.12,3145275,26.99,447275,3.39,2698000,23.15,21120652.0,7926724.0,60.08,27343469.0,14149541.0,107.24,8.84
2025-06-05,11654190,14352190,164167,13227518.0,33106.0,0.25,-1634733.0,-11.39,-1135496.0,-7.91,433196.0,-2067922.0,1562504.0,13.41,3197237,27.43,499237,3.77,2698000,23.15,21157660.0,7930142.0,59.95,27378671.0,14151153.0,106.98,9.01
2025-06-09,11654190,14352190,100718,13499420.0,166560.0,1.25,-1472402.0,-10.26,-864228.0,-6.02,398427.0,-1870838.0,1833772.0,15.73,3306174,28.37,608174,4.51,2698000,23.15,20755973.0,7256553.0,53.75,27381340.0,13881920.0,102.83,10.43
2025-06-10,11654190,14352190,416352,13572479.0,74407.0,0.55,-1399342.0,-9.75,-791168.0,-5.51,394201.0,-1793546.0,1906832.0,16.36,3306174,28.37,608174,4.48,2698000,23.15,20523523.0,6951044.0,51.21,26818355.0,13245876.0,97.59,10.81
2025-06-11,11654190,14352190,416352,13590872.0,19443.0,0.14,-1380949.0,-9.62,-772775.0,-5.38,397257.0,-1778210.0,1925225.0,16.52,3306174,28.37,608174,4.47,2698000,23.15,20522456.0,6931584.0,51.0,26811960.0,13221088.0,97.28,10.89
2025-06-12,11654190,14352190,350476,13436831.0,-149302.0,-1.1,-1560429.0,-10.87,-923429.0,-6.43,316948.0,-1877376.0,1774571.0,15.23,3335000,28.62,637000,4.74,2698000,23.15,20585456.0,7148625.0,53.2,26850245.0,13413414.0,99.83,10.03
2025-06-13,11654190,14352190,350476,13330673.0,-105113.0,-0.78,-1666587.0,-11.61,-1029587.0,-7.17,291250.0,-1957835.0,1668413.0,14.32,3335000,28.62,637000,4.78,2698000,23.15,20585814.0,7255141.0,54.42,26844388.0,13513715.0,101.37,9.44
2025-06-16,11654190,14352190,150476,13325492.0,42221.0,0.32,-1595068.0,-11.11,-958068.0,-6.68,326351.0,-1921416.0,1739932.0,14.93,3335000,28.62,637000,4.78,2698000,23.15,20532975.0,7207483.0,54.09,26782512.0,13457020.0,100.99,9.35
2025-06-17,11654190,14352190,150476,13255476.0,-68016.0,-0.51,-1665084.0,-11.6,-1028084.0,-7.16,303351.0,-1968438.0,1669916.0,14.33,3335000,28.62,637000,4.81,2698000,23.15,20528748.0,7273272.0,54.87,26783004.0,13527528.0,102.05,8.96
2025-06-18,11654190,14352190,150476,13227447.0,-28029.0,-0.21,-1693113.0,-11.8,-1056113.0,-7.36,299929.0,-1993041.0,1641887.0,14.09,3335000,28.62,637000,4.82,2698000,23.15,20529003.0,7301556.0,55.2,26780998.0,13553551.0,102.47,8.79
2025-06-20,11654190,14352190,35470,13135193.0,104158.0,0.8,-1785297.0,-12.44,-1148297.0,-8.0,301929.0,-2087220.0,1549703.0,13.3,3335000,28.62,637000,4.85,2698000,23.15,20566595.0,7431402.0,56.58,26934033.0,13798840.0,105.05,8.26
2025-06-23,11654190,14352190,35470,13144386.0,13006.0,0.1,-1776104.0,-12.38,-1139104.0,-7.94,297171.0,-2073278.0,1558896.0,13.38,3335000,28.62,637000,4.85,2698000,23.15,20565534.0,7421148.0,56.46,26931659.0,13787273.0,104.89,8.26
2025-06-24,11654190,14352190,35470,13236792.0,92836.0,0.71,-1683698.0,-11.73,-1046698.0,-7.29,303009.0,-1986710.0,1651302.0,14.17,3335000,28.62,637000,4.81,2698000,23.15,20566657.0,7329865.0,55.37,26928677.0,13691885.0,103.44,8.74
2025-06-25,11654190,14352190,6470,13365194.0,130492.0,0.99,-1566405.0,-10.91,-917405.0,-6.39,325868.0,-1892272.0,1780595.0,15.28,3347000,28.72,649000,4.86,2698000,23.15,20619283.0,7254089.0,54.28,26958077.0,13592883.0,101.7,9.41
2025-06-26,11654190,14352190,6470,13402149.0,36955.0,0.28,-1529450.0,-10.66,-880450.0,-6.13,366771.0,-1896225.0,1817550.0,15.6,3347000,28.72,649000,4.84,2698000,23.15,20619283.0,7217134.0,53.85,26961952.0,13559803.0,101.18,9.59
2025-06-27,11654190,14352190,6470,13429752.0,25353.0,0.19,-1525708.0,-10.63,-851708.0,-5.93,359947.0,-1885655.0,1846292.0,15.84,3372000,28.93,674000,5.02,2698000,23.15,20687266.0,7257514.0,54.04,27019442.0,13589690.0,101.19,9.72
2025-06-30,11654190,14352190,6470,13636312.0,72638.0,0.54,-1353597.0,-9.43,-679597.0,-4.74,441358.0,-1794951.0,2018403.0,17.32,3372000,28.93,674000,4.94,2698000,23.15,20831985.0,7195673.0,52.77,27162017.0,13525705.0,99.19,10.74
2025-07-01,11654190,14352190,6470,13637746.0,2279.0,0.02,-1352163.0,-9.42,-678163.0,-4.73,451819.0,-1803981.0,2019837.0,17.33,3372000,28.93,674000,4.94,2698000,23.15,20831583.0,7193837.0,52.75,27163379.0,13525633.0,99.18,10.73
2025-07-02,11654190,14352190,6470,13631368.0,-6378.0,-0.05,-1358541.0,-9.47,-684541.0,-4.77,459019.0,-1817557.0,2013459.0,17.28,3372000,28.93,674000,4.94,2698000,23.15,20831934.0,7200566.0,52.82,27166318.0,13534950.0,99.29,10.68
2025-07-03,11654190,14352190,6470,13654361.0,22993.0,0.17,-1335548.0,-9.31,-661548.0,-4.61,466481.0,-1802030.0,2036452.0,17.47,3372000,28.93,674000,4.94,2698000,23.15,20833404.0,7179043.0,52.58,27167676.0,13513315.0,98.97,10.78
2025-07-04,11654190,14352190,9000,13674074.0,23187.0,0.17,-1337748.0,-9.32,-641748.0,-4.47,445795.0,-1783540.0,2056252.0,17.64,3394000,29.12,696000,5.09,2698000,23.15,20856559.0,7182485.0,52.53,27049970.0,13375896.0,97.82,10.86
2025-07-07,11654190,14352190,9000,13697444.0,23370.0,0.17,-1314378.0,-9.16,-618378.0,-4.31,476825.0,-1791203.0,2079622.0,17.84,3394000,29.12,696000,5.08,2698000,23.15,20858684.0,7161240.0,52.28,27048081.0,13350637.0,97.47,10.92
2025-07-08,11654190,14352190,9000,13691818.0,-5626.0,-0.04,-1320004.0,-9.2,-624004.0,-4.35,469778.0,-1789785.0,2073996.0,17.8,3394000,29.12,696000,5.08,2698000,23.15,20862216.0,7170398.0,52.37,27067900.0,13376082.0,97.69,10.87
2025-07-09,11654190,14352190,9000,13712108.0,22306.0,0.16,-1299714.0,-9.06,-603714.0,-4.21,494087.0,-1793802.0,2094286.0,17.97,3394000,29.12,696000,5.08,2698000,23.15,20860809.0,7148701.0,52.13,27055226.0,13343118.0,97.31,10.95
2025-07-10,11654190,14352190,9000,13713042.0,934.0,0.01,-1298780.0,-9.05,-602780.0,-4.2,483969.0,-1782748.0,2095220.0,17.98,3394000,29.12,696000,5.08,2698000,23.15,20861214.0,7148172.0,52.13,27058624.0,13345582.0,97.32,10.94
2025-07-11,11654190,14352190,9000,13611908.0,-109416.0,-0.8,-1439830.0,-10.03,-702830.0,-4.9,431060.0,-1870894.0,1995170.0,17.12,3435000,29.47,737000,5.41,2698000,23.15,20884547.0,7272639.0,53.43,26276011.0,12664103.0,93.04,10.4
