symbol,isin,trade_date,exchange,segment,series,trade_type,auction,quantity,price,trade_id,order_id,order_execution_time
5PAISA,INE618L01018,19-02-2024,NSE,EQ,EQ,buy,FALSE,1,587.95,4865964,1.00E+15,2024-02-19T13:27:19
5PAISA,INE618L01018,19-02-2024,NSE,EQ,EQ,buy,FALSE,1,587.95,4865963,1.00E+15,2024-02-19T13:27:19
5PAISA,INE618L01018,19-02-2024,NSE,EQ,EQ,buy,FALSE,10,587.9,4865962,1.00E+15,2024-02-19T13:27:19
5PAISA,INE618L01018,19-02-2024,NSE,EQ,EQ,buy,FALSE,6,587.85,4865961,1.00E+15,2024-02-19T13:27:19
5PAISA,INE618L01018,19-02-2024,NSE,EQ,EQ,buy,FALSE,1,587.85,4865959,1.00E+15,2024-02-19T13:27:19
5PAISA,INE618L01018,19-02-2024,NSE,EQ,EQ,buy,FALSE,1,587.85,4865958,1.00E+15,2024-02-19T13:27:19
5PAISA,INE618L01018,19-02-2024,NSE,EQ,EQ,buy,FALSE,8,587.7,4865957,1.00E+15,2024-02-19T13:27:19
5PAISA,INE618L01018,19-02-2024,NSE,EQ,EQ,buy,FALSE,4,587.85,4865960,1.00E+15,2024-02-19T13:27:19
5PAISA,INE618L01018,19-02-2024,NSE,EQ,EQ,buy,FALSE,1,588.35,4865991,1.00E+15,2024-02-19T13:27:19
5PAISA,INE618L01018,19-02-2024,NSE,EQ,EQ,buy,FALSE,9,588.35,4865990,1.00E+15,2024-02-19T13:27:19
5PAISA,INE618L01018,19-02-2024,NSE,EQ,EQ,buy,FALSE,1,588.35,4865989,1.00E+15,2024-02-19T13:27:19
5PAISA,INE618L01018,19-02-2024,NSE,EQ,EQ,buy,FALSE,11,588.3,4865988,1.00E+15,2024-02-19T13:27:19
5PAISA,INE618L01018,19-02-2024,NSE,EQ,EQ,buy,FALSE,1,588.3,4865987,1.00E+15,2024-02-19T13:27:19
5PAISA,INE618L01018,19-02-2024,NSE,EQ,EQ,buy,FALSE,5,588.3,4865986,1.00E+15,2024-02-19T13:27:19
5PAISA,INE618L01018,19-02-2024,NSE,EQ,EQ,buy,FALSE,1,588.3,4865985,1.00E+15,2024-02-19T13:27:19
5PAISA,INE618L01018,19-02-2024,NSE,EQ,EQ,buy,FALSE,5,588.3,4865984,1.00E+15,2024-02-19T13:27:19
5PAISA,INE618L01018,19-02-2024,NSE,EQ,EQ,buy,FALSE,1,588.3,4865983,1.00E+15,2024-02-19T13:27:19
5PAISA,INE618L01018,19-02-2024,NSE,EQ,EQ,buy,FALSE,1,588.3,4865982,1.00E+15,2024-02-19T13:27:19
5PAISA,INE618L01018,19-02-2024,NSE,EQ,EQ,buy,FALSE,5,588.3,4865981,1.00E+15,2024-02-19T13:27:19
5PAISA,INE618L01018,19-02-2024,NSE,EQ,EQ,buy,FALSE,6,588.25,4865980,1.00E+15,2024-02-19T13:27:19
5PAISA,INE618L01018,19-02-2024,NSE,EQ,EQ,buy,FALSE,1,588.25,4865979,1.00E+15,2024-02-19T13:27:19
5PAISA,INE618L01018,19-02-2024,NSE,EQ,EQ,buy,FALSE,1,588.25,4865978,1.00E+15,2024-02-19T13:27:19
5PAISA,INE618L01018,19-02-2024,NSE,EQ,EQ,buy,FALSE,36,588.2,4865977,1.00E+15,2024-02-19T13:27:19
5PAISA,INE618L01018,19-02-2024,NSE,EQ,EQ,buy,FALSE,1,588.15,4865976,1.00E+15,2024-02-19T13:27:19
5PAISA,INE618L01018,19-02-2024,NSE,EQ,EQ,buy,FALSE,5,588.05,4865975,1.00E+15,2024-02-19T13:27:19
5PAISA,INE618L01018,19-02-2024,NSE,EQ,EQ,buy,FALSE,1,588.05,4865974,1.00E+15,2024-02-19T13:27:19
5PAISA,INE618L01018,19-02-2024,NSE,EQ,EQ,buy,FALSE,1,588.05,4865973,1.00E+15,2024-02-19T13:27:19
5PAISA,INE618L01018,19-02-2024,NSE,EQ,EQ,buy,FALSE,17,588.05,4865972,1.00E+15,2024-02-19T13:27:19
5PAISA,INE618L01018,19-02-2024,NSE,EQ,EQ,buy,FALSE,1,588.05,4865971,1.00E+15,2024-02-19T13:27:19
5PAISA,INE618L01018,19-02-2024,NSE,EQ,EQ,buy,FALSE,1,588.05,4865970,1.00E+15,2024-02-19T13:27:19
5PAISA,INE618L01018,19-02-2024,NSE,EQ,EQ,buy,FALSE,1,588.05,4865969,1.00E+15,2024-02-19T13:27:19
5PAISA,INE618L01018,19-02-2024,NSE,EQ,EQ,buy,FALSE,1,588,4865968,1.00E+15,2024-02-19T13:27:19
5PAISA,INE618L01018,19-02-2024,NSE,EQ,EQ,buy,FALSE,18,588,4865967,1.00E+15,2024-02-19T13:27:19
5PAISA,INE618L01018,19-02-2024,NSE,EQ,EQ,buy,FALSE,6,587.95,4865966,1.00E+15,2024-02-19T13:27:19
5PAISA,INE618L01018,19-02-2024,NSE,EQ,EQ,buy,FALSE,1,587.95,4865965,1.00E+15,2024-02-19T13:27:19
5PAISA,INE618L01018,18-05-2024,NSE,EQ,EQ,buy,FALSE,50,539.8,230139,1.00E+15,2024-05-18T09:25:11
5PAISA,INE618L01018,18-05-2024,NSE,EQ,EQ,buy,FALSE,38,539.65,230137,1.00E+15,2024-05-18T09:25:11
5PAISA,INE618L01018,18-05-2024,NSE,EQ,EQ,buy,FALSE,1,539.95,230152,1.00E+15,2024-05-18T09:25:11
5PAISA,INE618L01018,18-05-2024,NSE,EQ,EQ,buy,FALSE,19,540,230157,1.00E+15,2024-05-18T09:25:11
5PAISA,INE618L01018,18-05-2024,NSE,EQ,EQ,buy,FALSE,2,539.95,230153,1.00E+15,2024-05-18T09:25:11
5PAISA,INE618L01018,18-05-2024,NSE,EQ,EQ,buy,FALSE,1,539.95,230154,1.00E+15,2024-05-18T09:25:11
5PAISA,INE618L01018,18-05-2024,NSE,EQ,EQ,buy,FALSE,1,539.95,230155,1.00E+15,2024-05-18T09:25:11
5PAISA,INE618L01018,18-05-2024,NSE,EQ,EQ,buy,FALSE,1,539.95,230156,1.00E+15,2024-05-18T09:25:11
5PAISA,INE618L01018,18-05-2024,NSE,EQ,EQ,buy,FALSE,11,539.7,230138,1.00E+15,2024-05-18T09:25:11
5PAISA,INE618L01018,18-05-2024,NSE,EQ,EQ,buy,FALSE,2,539.95,230151,1.00E+15,2024-05-18T09:25:11
5PAISA,INE618L01018,18-05-2024,NSE,EQ,EQ,buy,FALSE,1,539.95,230150,1.00E+15,2024-05-18T09:25:11
5PAISA,INE618L01018,18-05-2024,NSE,EQ,EQ,buy,FALSE,2,539.95,230149,1.00E+15,2024-05-18T09:25:11
5PAISA,INE618L01018,18-05-2024,NSE,EQ,EQ,buy,FALSE,1,539.95,230148,1.00E+15,2024-05-18T09:25:11
5PAISA,INE618L01018,18-05-2024,NSE,EQ,EQ,buy,FALSE,2,539.95,230147,1.00E+15,2024-05-18T09:25:11
5PAISA,INE618L01018,18-05-2024,NSE,EQ,EQ,buy,FALSE,6,539.95,230146,1.00E+15,2024-05-18T09:25:11
5PAISA,INE618L01018,18-05-2024,NSE,EQ,EQ,buy,FALSE,1,539.95,230145,1.00E+15,2024-05-18T09:25:11
5PAISA,INE618L01018,18-05-2024,NSE,EQ,EQ,buy,FALSE,2,539.95,230144,1.00E+15,2024-05-18T09:25:11
5PAISA,INE618L01018,18-05-2024,NSE,EQ,EQ,buy,FALSE,1,539.95,230143,1.00E+15,2024-05-18T09:25:11
5PAISA,INE618L01018,18-05-2024,NSE,EQ,EQ,buy,FALSE,5,539.9,230142,1.00E+15,2024-05-18T09:25:11
5PAISA,INE618L01018,18-05-2024,NSE,EQ,EQ,buy,FALSE,5,539.85,230141,1.00E+15,2024-05-18T09:25:11
5PAISA,INE618L01018,18-05-2024,NSE,EQ,EQ,buy,FALSE,8,539.8,230140,1.00E+15,2024-05-18T09:25:11
AARTIIND,INE769A01020,12-10-2023,NSE,EQ,EQ,buy,FALSE,125,486.2,3488648,1.00E+15,2023-10-12T14:13:26
AARTIIND,INE769A01020,17-10-2023,BSE,EQ,A,buy,FALSE,42,489.55,4270100,1.70E+18,2023-10-17T15:05:40
AAVAS,INE216P01012,11-09-2023,NSE,EQ,EQ,buy,FALSE,11,1684.6,1646449,1.00E+15,2023-09-11T10:16:22
AAVAS,INE216P01012,11-09-2023,NSE,EQ,EQ,buy,FALSE,5,1684.65,1646452,1.00E+15,2023-09-11T10:16:22
AAVAS,INE216P01012,11-09-2023,NSE,EQ,EQ,buy,FALSE,1,1684.6,1646451,1.00E+15,2023-09-11T10:16:22
AAVAS,INE216P01012,11-09-2023,NSE,EQ,EQ,buy,FALSE,1,1684.6,1646450,1.00E+15,2023-09-11T10:16:22
AAVAS,INE216P01012,17-10-2023,BSE,EQ,A,buy,FALSE,10,1642,2447100,1.70E+18,2023-10-17T15:17:59
AAVAS,INE216P01012,17-10-2023,BSE,EQ,A,buy,FALSE,7,1642.7,2447500,1.70E+18,2023-10-17T15:17:59
AAVAS,INE216P01012,17-10-2023,BSE,EQ,A,buy,FALSE,1,1642.35,2447300,1.70E+18,2023-10-17T15:17:59
AAVAS,INE216P01012,12-06-2024,BSE,EQ,A,sell,FALSE,2,1906.05,6639400,1.72E+18,2024-06-12T15:22:41
AAVAS,INE216P01012,12-06-2024,BSE,EQ,A,sell,FALSE,2,1906.2,6638800,1.72E+18,2024-06-12T15:22:41
AAVAS,INE216P01012,12-06-2024,BSE,EQ,A,sell,FALSE,8,1906.1,6639100,1.72E+18,2024-06-12T15:22:41
AAVAS,INE216P01012,12-06-2024,BSE,EQ,A,sell,FALSE,22,1905.55,6639800,1.72E+18,2024-06-12T15:22:41
AAVAS,INE216P01012,12-06-2024,BSE,EQ,A,sell,FALSE,2,1905.65,6639600,1.72E+18,2024-06-12T15:22:41
AAVAS,INE216P01012,18-06-2024,NSE,EQ,EQ,buy,FALSE,1,1897.25,6260384,1.00E+15,2024-06-18T13:28:53
AAVAS,INE216P01012,18-06-2024,NSE,EQ,EQ,buy,FALSE,1,1897,6260382,1.00E+15,2024-06-18T13:28:53
AAVAS,INE216P01012,18-06-2024,NSE,EQ,EQ,buy,FALSE,11,1897.6,6260386,1.00E+15,2024-06-18T13:28:53
AAVAS,INE216P01012,18-06-2024,NSE,EQ,EQ,buy,FALSE,1,1897.35,6260385,1.00E+15,2024-06-18T13:28:53
AAVAS,INE216P01012,18-06-2024,NSE,EQ,EQ,buy,FALSE,1,1897,6260383,1.00E+15,2024-06-18T13:28:53
AAVAS,INE216P01012,28-06-2024,NSE,EQ,EQ,buy,FALSE,11,1848,886586,1.00E+15,2024-06-28T09:32:27
AAVAS,INE216P01012,28-06-2024,NSE,EQ,EQ,buy,FALSE,3,1848,886587,1.00E+15,2024-06-28T09:32:27
ABSLAMC,INE404A01024,18-09-2023,NSE,EQ,EQ,buy,FALSE,27,415.6,3498210,1.00E+15,2023-09-18T13:27:40
ABSLAMC,INE404A01024,18-09-2023,NSE,EQ,EQ,buy,FALSE,14,415.65,3498211,1.00E+15,2023-09-18T13:27:40
ABSLAMC,INE404A01024,18-09-2023,NSE,EQ,EQ,buy,FALSE,26,415.65,3498212,1.00E+15,2023-09-18T13:27:40
ABSLAMC,INE404A01024,18-09-2023,NSE,EQ,EQ,buy,FALSE,17,415.65,3498213,1.00E+15,2023-09-18T13:27:40
ABSLAMC,INE404A01024,18-09-2023,NSE,EQ,EQ,buy,FALSE,14,415.7,3498214,1.00E+15,2023-09-18T13:27:40
ABSLAMC,INE404A01024,18-09-2023,NSE,EQ,EQ,buy,FALSE,15,415.7,3498215,1.00E+15,2023-09-18T13:27:40
ABSLAMC,INE404A01024,18-09-2023,NSE,EQ,EQ,buy,FALSE,27,415.55,3498209,1.00E+15,2023-09-18T13:27:40
ABSLAMC,INE404A01024,07-05-2024,NSE,EQ,EQ,sell,FALSE,1,534.05,1497547,1.00E+15,2024-05-07T09:55:05
ABSLAMC,INE404A01024,07-05-2024,NSE,EQ,EQ,sell,FALSE,20,534.05,1497548,1.00E+15,2024-05-07T09:55:05
ABSLAMC,INE404A01024,07-05-2024,NSE,EQ,EQ,sell,FALSE,11,534.1,1497546,1.00E+15,2024-05-07T09:55:05
ABSLAMC,INE404A01024,07-05-2024,NSE,EQ,EQ,sell,FALSE,7,534.15,1497545,1.00E+15,2024-05-07T09:55:05
ABSLAMC,INE404A01024,07-05-2024,NSE,EQ,EQ,sell,FALSE,14,534.2,1497544,1.00E+15,2024-05-07T09:55:05
ABSLAMC,INE404A01024,07-05-2024,NSE,EQ,EQ,sell,FALSE,2,534.25,1497543,1.00E+15,2024-05-07T09:55:05
ABSLAMC,INE404A01024,07-05-2024,NSE,EQ,EQ,sell,FALSE,33,534.25,1497542,1.00E+15,2024-05-07T09:55:05
ABSLAMC,INE404A01024,07-05-2024,NSE,EQ,EQ,sell,FALSE,1,534.25,1497541,1.00E+15,2024-05-07T09:55:05
ABSLAMC,INE404A01024,07-05-2024,NSE,EQ,EQ,sell,FALSE,2,534.3,1497540,1.00E+15,2024-05-07T09:55:05
ABSLAMC,INE404A01024,07-05-2024,NSE,EQ,EQ,sell,FALSE,2,534.35,1497539,1.00E+15,2024-05-07T09:55:05
ABSLAMC,INE404A01024,07-05-2024,NSE,EQ,EQ,sell,FALSE,16,534.35,1497538,1.00E+15,2024-05-07T09:55:05
ABSLAMC,INE404A01024,07-05-2024,NSE,EQ,EQ,sell,FALSE,7,534.45,1497537,1.00E+15,2024-05-07T09:55:05
ABSLAMC,INE404A01024,07-05-2024,NSE,EQ,EQ,sell,FALSE,24,534.5,1497536,1.00E+15,2024-05-07T09:55:05
ARE&M,INE885A01032,31-08-2023,NSE,EQ,EQ,buy,FALSE,27,626,4502675,1.00E+15,2023-08-31T14:14:10
ARE&M,INE885A01032,31-08-2023,NSE,EQ,EQ,buy,FALSE,1,626,4502674,1.00E+15,2023-08-31T14:14:10
ARE&M,INE885A01032,31-08-2023,NSE,EQ,EQ,buy,FALSE,20,626,4502673,1.00E+15,2023-08-31T14:14:10
ARE&M,INE885A01032,17-10-2023,NSE,EQ,EQ,buy,FALSE,23,644.15,4069866,1.00E+15,2023-10-17T15:12:52
ARE&M,INE885A01032,17-10-2023,NSE,EQ,EQ,buy,FALSE,10,644.15,4069864,1.00E+15,2023-10-17T15:12:52
ARE&M,INE885A01032,17-10-2023,NSE,EQ,EQ,buy,FALSE,6,644.15,4069865,1.00E+15,2023-10-17T15:12:52
ARE&M,INE885A01032,17-10-2023,NSE,EQ,EQ,buy,FALSE,1,644.15,4069863,1.00E+15,2023-10-17T15:12:52
AMBUJACEM,INE079A01024,05-09-2023,NSE,EQ,EQ,buy,FALSE,88,439.2,2185239,1.00E+15,2023-09-05T10:48:16
AMBUJACEM,INE079A01024,05-09-2023,NSE,EQ,EQ,buy,FALSE,4,439.25,2185240,1.00E+15,2023-09-05T10:48:16
AMBUJACEM,INE079A01024,08-12-2023,BSE,EQ,A,sell,FALSE,92,491.4,7221600,1.70E+18,2023-12-08T14:36:05
APEX,INE346W01013,11-10-2023,NSE,EQ,EQ,buy,FALSE,260,227,4331740,1.00E+15,2023-10-11T15:10:02
APEX,INE346W01013,17-10-2023,NSE,EQ,EQ,buy,FALSE,17,224.15,3855651,1.00E+15,2023-10-17T15:01:04
APEX,INE346W01013,17-10-2023,NSE,EQ,EQ,buy,FALSE,16,224,3855633,1.00E+15,2023-10-17T15:01:04
APEX,INE346W01013,17-10-2023,NSE,EQ,EQ,buy,FALSE,2,224.05,3855634,1.00E+15,2023-10-17T15:01:04
APEX,INE346W01013,17-10-2023,NSE,EQ,EQ,buy,FALSE,1,224.05,3855635,1.00E+15,2023-10-17T15:01:04
APEX,INE346W01013,17-10-2023,NSE,EQ,EQ,buy,FALSE,2,224.05,3855636,1.00E+15,2023-10-17T15:01:04
APEX,INE346W01013,17-10-2023,NSE,EQ,EQ,buy,FALSE,1,224.05,3855637,1.00E+15,2023-10-17T15:01:04
APEX,INE346W01013,17-10-2023,NSE,EQ,EQ,buy,FALSE,2,224.05,3855638,1.00E+15,2023-10-17T15:01:04
APEX,INE346W01013,17-10-2023,NSE,EQ,EQ,buy,FALSE,1,224.05,3855639,1.00E+15,2023-10-17T15:01:04
APEX,INE346W01013,17-10-2023,NSE,EQ,EQ,buy,FALSE,2,224.05,3855640,1.00E+15,2023-10-17T15:01:04
APEX,INE346W01013,17-10-2023,NSE,EQ,EQ,buy,FALSE,1,224.05,3855641,1.00E+15,2023-10-17T15:01:04
APEX,INE346W01013,17-10-2023,NSE,EQ,EQ,buy,FALSE,2,224.05,3855642,1.00E+15,2023-10-17T15:01:04
APEX,INE346W01013,17-10-2023,NSE,EQ,EQ,buy,FALSE,1,224.05,3855643,1.00E+15,2023-10-17T15:01:04
APEX,INE346W01013,17-10-2023,NSE,EQ,EQ,buy,FALSE,2,224.05,3855644,1.00E+15,2023-10-17T15:01:04
APEX,INE346W01013,17-10-2023,NSE,EQ,EQ,buy,FALSE,1,224.05,3855645,1.00E+15,2023-10-17T15:01:04
APEX,INE346W01013,17-10-2023,NSE,EQ,EQ,buy,FALSE,1,224.05,3855646,1.00E+15,2023-10-17T15:01:04
APEX,INE346W01013,17-10-2023,NSE,EQ,EQ,buy,FALSE,1,224.05,3855647,1.00E+15,2023-10-17T15:01:04
APEX,INE346W01013,17-10-2023,NSE,EQ,EQ,buy,FALSE,17,224.1,3855648,1.00E+15,2023-10-17T15:01:04
APEX,INE346W01013,17-10-2023,NSE,EQ,EQ,buy,FALSE,1,224.15,3855649,1.00E+15,2023-10-17T15:01:04
APEX,INE346W01013,17-10-2023,NSE,EQ,EQ,buy,FALSE,17,224.15,3855650,1.00E+15,2023-10-17T15:01:04
APEX,INE346W01013,17-10-2023,NSE,EQ,EQ,buy,FALSE,2,224.15,3855652,1.00E+15,2023-10-17T15:01:04
APEX,INE346W01013,12-02-2024,BSE,EQ,B,sell,FALSE,35,219.15,46099600,1.71E+18,2024-02-12T10:24:33
APEX,INE346W01013,12-02-2024,BSE,EQ,B,sell,FALSE,159,219.4,46098700,1.71E+18,2024-02-12T10:24:33
APEX,INE346W01013,12-02-2024,BSE,EQ,B,sell,FALSE,102,219.1,46099800,1.71E+18,2024-02-12T10:24:33
APEX,INE346W01013,12-02-2024,BSE,EQ,B,sell,FALSE,4,219.35,46099100,1.71E+18,2024-02-12T10:24:33
APEX,INE346W01013,12-02-2024,BSE,EQ,B,sell,FALSE,50,219.3,46099300,1.71E+18,2024-02-12T10:24:33
ARE&M,INE885A01032,25-01-2024,NSE,EQ,EQ,sell,FALSE,3,812.5,7189153,1.00E+15,2024-01-25T15:25:03
ARE&M,INE885A01032,25-01-2024,NSE,EQ,EQ,sell,FALSE,22,812.45,7189154,1.00E+15,2024-01-25T15:25:03
ARE&M,INE885A01032,12-04-2024,NSE,EQ,EQ,sell,FALSE,58,884.1,5746976,1.00E+15,2024-04-12T14:43:54
ARE&M,INE885A01032,12-04-2024,NSE,EQ,EQ,sell,FALSE,5,884.1,5746975,1.00E+15,2024-04-12T14:43:54
ASIANTILES,INE022I01019,12-10-2023,NSE,EQ,EQ,buy,FALSE,645,73.8,3684309,1.00E+15,2023-10-12T14:31:56
ASIANTILES,INE022I01019,12-10-2023,NSE,EQ,EQ,buy,FALSE,155,73.8,3684310,1.00E+15,2023-10-12T14:31:56
AVANTIFEED,INE871C01038,27-09-2023,NSE,EQ,EQ,buy,FALSE,26,435.35,654360,1.00E+15,2023-09-27T09:38:53
AVANTIFEED,INE871C01038,27-09-2023,NSE,EQ,EQ,buy,FALSE,13,435,654357,1.00E+15,2023-09-27T09:38:53
AVANTIFEED,INE871C01038,27-09-2023,NSE,EQ,EQ,buy,FALSE,11,435.25,654358,1.00E+15,2023-09-27T09:38:53
AVANTIFEED,INE871C01038,27-09-2023,NSE,EQ,EQ,buy,FALSE,15,435.3,654359,1.00E+15,2023-09-27T09:38:53
AVANTIFEED,INE871C01038,27-09-2023,NSE,EQ,EQ,buy,FALSE,51,435.4,654361,1.00E+15,2023-09-27T09:38:53
AVANTIFEED,INE871C01038,17-10-2023,NSE,EQ,EQ,buy,FALSE,62,429.95,3867389,1.00E+15,2023-10-17T15:01:49
AVANTIFEED,INE871C01038,17-10-2023,NSE,EQ,EQ,buy,FALSE,8,429.95,3867390,1.00E+15,2023-10-17T15:01:49
AVANTIFEED,INE871C01038,02-05-2024,NSE,EQ,EQ,sell,FALSE,30,559.25,5792850,1.00E+15,2024-05-02T13:34:03
AVANTIFEED,INE871C01038,02-05-2024,NSE,EQ,EQ,sell,FALSE,50,559.3,5792848,1.00E+15,2024-05-02T13:34:03
AVANTIFEED,INE871C01038,02-05-2024,NSE,EQ,EQ,sell,FALSE,4,559.25,5792851,1.00E+15,2024-05-02T13:34:03
AVANTIFEED,INE871C01038,02-05-2024,NSE,EQ,EQ,sell,FALSE,14,559.25,5792852,1.00E+15,2024-05-02T13:34:03
AVANTIFEED,INE871C01038,02-05-2024,NSE,EQ,EQ,sell,FALSE,28,559.25,5792853,1.00E+15,2024-05-02T13:34:03
AVANTIFEED,INE871C01038,02-05-2024,NSE,EQ,EQ,sell,FALSE,39,559.2,5792854,1.00E+15,2024-05-02T13:34:03
AVANTIFEED,INE871C01038,02-05-2024,NSE,EQ,EQ,sell,FALSE,1,559.2,5792855,1.00E+15,2024-05-02T13:34:03
AVANTIFEED,INE871C01038,02-05-2024,NSE,EQ,EQ,sell,FALSE,20,559.3,5792849,1.00E+15,2024-05-02T13:34:03
AWL,INE699H01024,26-02-2024,NSE,EQ,EQ,buy,FALSE,27,403.7,1164025,1.00E+15,2024-02-26T09:40:51
AWL,INE699H01024,26-02-2024,NSE,EQ,EQ,buy,FALSE,98,403.7,1164024,1.00E+15,2024-02-26T09:40:51
BAJAJFINSV,INE918I01026,05-09-2023,NSE,EQ,EQ,buy,FALSE,26,1510.55,2198201,1.00E+15,2023-09-05T10:49:09
BAJAJHIND,INE306A01021,07-09-2023,NSE,EQ,EQ,buy,FALSE,1000,28.3,1404494,1.00E+15,2023-09-07T10:11:03
BAJAJHIND,INE306A01021,06-10-2023,BSE,EQ,A,sell,FALSE,1000,25.73,74806700,1.70E+18,2023-10-06T13:44:35
BANDHANBNK,INE545U01014,04-09-2023,NSE,EQ,EQ,buy,FALSE,127,236.55,5107876,1.00E+15,2023-09-04T14:47:47
BANDHANBNK,INE545U01014,17-10-2023,NSE,EQ,EQ,buy,FALSE,85,240.65,3883273,1.00E+15,2023-10-17T15:02:51
BANDHANBNK,INE545U01014,08-04-2024,NSE,EQ,EQ,buy,FALSE,215,184.9,1504365,1.00E+15,2024-04-08T10:03:30
BANKBARODA,INE028A01039,29-08-2023,NSE,EQ,EQ,buy,FALSE,55,189.75,1580918,1.00E+15,2023-08-29T10:43:14
BANKBARODA,INE028A01039,29-08-2023,NSE,EQ,EQ,buy,FALSE,105,189.75,1580917,1.00E+15,2023-08-29T10:43:14
BANKBARODA,INE028A01039,07-09-2023,NSE,EQ,EQ,buy,FALSE,110,195.05,1638463,1.00E+15,2023-09-07T10:25:53
BERGEPAINT,INE463A01038,05-09-2023,NSE,EQ,EQ,buy,FALSE,28,709.5,2167662,1.00E+15,2023-09-05T10:47:02
BERGEPAINT,INE463A01038,05-09-2023,NSE,EQ,EQ,buy,FALSE,15,709.5,2167661,1.00E+15,2023-09-05T10:47:02
BERGEPAINT,INE463A01038,26-09-2023,BSE,EQ,A,buy,FALSE,34,605.5,746400,1.70E+18,2023-09-26T10:26:54
BERGEPAINT,INE463A01038,29-09-2023,BSE,EQ,A,buy,FALSE,59,568.45,2166700,1.70E+18,2023-09-29T15:24:22
BERGEPAINT,INE463A01038,29-09-2023,BSE,EQ,A,buy,FALSE,1,568.4,2166300,1.70E+18,2023-09-29T15:24:22
BIOCON,INE376G01013,19-02-2024,NSE,EQ,EQ,buy,FALSE,334,299.6,1730891,1.00E+15,2024-02-19T10:04:09
BIOCON,INE376G01013,26-02-2024,BSE,EQ,A,buy,FALSE,182,275.5,1412800,1.71E+18,2024-02-26T09:38:06
BIRLAMONEY,INE865C01022,26-09-2023,NSE,EQ,EQ,buy,FALSE,45,77,2849940,1.00E+15,2023-09-26T13:02:29
BIRLAMONEY,INE865C01022,26-09-2023,NSE,EQ,EQ,buy,FALSE,29,77,2849941,1.00E+15,2023-09-26T13:02:29
BIRLAMONEY,INE865C01022,26-09-2023,NSE,EQ,EQ,buy,FALSE,29,76.95,2849938,1.00E+15,2023-09-26T13:02:29
BIRLAMONEY,INE865C01022,26-09-2023,NSE,EQ,EQ,buy,FALSE,21,76.95,2849937,1.00E+15,2023-09-26T13:02:29
BIRLAMONEY,INE865C01022,26-09-2023,NSE,EQ,EQ,buy,FALSE,154,76.9,2849936,1.00E+15,2023-09-26T13:02:29
BIRLAMONEY,INE865C01022,26-09-2023,NSE,EQ,EQ,buy,FALSE,356,77,2849942,1.00E+15,2023-09-26T13:02:29
BIRLAMONEY,INE865C01022,26-09-2023,NSE,EQ,EQ,buy,FALSE,16,76.95,2849939,1.00E+15,2023-09-26T13:02:29
BIRLAMONEY,INE865C01022,17-10-2023,NSE,EQ,EQ,buy,FALSE,117,97.7,4399441,1.00E+15,2023-10-17T15:27:49
BIRLAMONEY,INE865C01022,17-10-2023,NSE,EQ,EQ,buy,FALSE,173,97.75,4399442,1.00E+15,2023-10-17T15:27:49
BIRLAMONEY,INE865C01022,17-10-2023,NSE,EQ,EQ,buy,FALSE,10,97.7,4399440,1.00E+15,2023-10-17T15:27:49
BIRLAMONEY,INE865C01022,16-01-2024,NSE,EQ,EQ,sell,FALSE,11,129.55,4475765,1.00E+15,2024-01-16T13:12:09
BIRLAMONEY,INE865C01022,16-01-2024,NSE,EQ,EQ,sell,FALSE,20,129.75,4475734,1.00E+15,2024-01-16T13:12:09
BIRLAMONEY,INE865C01022,16-01-2024,NSE,EQ,EQ,sell,FALSE,63,129.75,4475735,1.00E+15,2024-01-16T13:12:09
BIRLAMONEY,INE865C01022,16-01-2024,NSE,EQ,EQ,sell,FALSE,87,129.7,4475736,1.00E+15,2024-01-16T13:12:09
BIRLAMONEY,INE865C01022,16-01-2024,NSE,EQ,EQ,sell,FALSE,7,129.7,4475737,1.00E+15,2024-01-16T13:12:09
BIRLAMONEY,INE865C01022,16-01-2024,NSE,EQ,EQ,sell,FALSE,22,129.7,4475738,1.00E+15,2024-01-16T13:12:09
BIRLAMONEY,INE865C01022,16-01-2024,NSE,EQ,EQ,sell,FALSE,1,129.7,4475739,1.00E+15,2024-01-16T13:12:09
BIRLAMONEY,INE865C01022,16-01-2024,NSE,EQ,EQ,sell,FALSE,1,129.7,4475740,1.00E+15,2024-01-16T13:12:09
BIRLAMONEY,INE865C01022,16-01-2024,NSE,EQ,EQ,sell,FALSE,56,129.7,4475741,1.00E+15,2024-01-16T13:12:09
BIRLAMONEY,INE865C01022,16-01-2024,NSE,EQ,EQ,sell,FALSE,7,129.65,4475742,1.00E+15,2024-01-16T13:12:09
BIRLAMONEY,INE865C01022,16-01-2024,NSE,EQ,EQ,sell,FALSE,1,129.65,4475743,1.00E+15,2024-01-16T13:12:09
BIRLAMONEY,INE865C01022,16-01-2024,NSE,EQ,EQ,sell,FALSE,26,129.65,4475744,1.00E+15,2024-01-16T13:12:09
BIRLAMONEY,INE865C01022,16-01-2024,NSE,EQ,EQ,sell,FALSE,9,129.65,4475745,1.00E+15,2024-01-16T13:12:09
BIRLAMONEY,INE865C01022,16-01-2024,NSE,EQ,EQ,sell,FALSE,9,129.65,4475746,1.00E+15,2024-01-16T13:12:09
BIRLAMONEY,INE865C01022,16-01-2024,NSE,EQ,EQ,sell,FALSE,7,129.65,4475747,1.00E+15,2024-01-16T13:12:09
BIRLAMONEY,INE865C01022,16-01-2024,NSE,EQ,EQ,sell,FALSE,9,129.65,4475748,1.00E+15,2024-01-16T13:12:09
BIRLAMONEY,INE865C01022,16-01-2024,NSE,EQ,EQ,sell,FALSE,7,129.65,4475749,1.00E+15,2024-01-16T13:12:09
BIRLAMONEY,INE865C01022,16-01-2024,NSE,EQ,EQ,sell,FALSE,1,129.65,4475750,1.00E+15,2024-01-16T13:12:09
BIRLAMONEY,INE865C01022,16-01-2024,NSE,EQ,EQ,sell,FALSE,42,129.65,4475751,1.00E+15,2024-01-16T13:12:09
BIRLAMONEY,INE865C01022,16-01-2024,NSE,EQ,EQ,sell,FALSE,23,129.6,4475752,1.00E+15,2024-01-16T13:12:09
BIRLAMONEY,INE865C01022,16-01-2024,NSE,EQ,EQ,sell,FALSE,7,129.6,4475753,1.00E+15,2024-01-16T13:12:09
BIRLAMONEY,INE865C01022,16-01-2024,NSE,EQ,EQ,sell,FALSE,9,129.6,4475754,1.00E+15,2024-01-16T13:12:09
BIRLAMONEY,INE865C01022,16-01-2024,NSE,EQ,EQ,sell,FALSE,19,129.6,4475755,1.00E+15,2024-01-16T13:12:09
BIRLAMONEY,INE865C01022,16-01-2024,NSE,EQ,EQ,sell,FALSE,1,129.6,4475756,1.00E+15,2024-01-16T13:12:09
BIRLAMONEY,INE865C01022,16-01-2024,NSE,EQ,EQ,sell,FALSE,9,129.6,4475757,1.00E+15,2024-01-16T13:12:09
BIRLAMONEY,INE865C01022,16-01-2024,NSE,EQ,EQ,sell,FALSE,7,129.6,4475758,1.00E+15,2024-01-16T13:12:09
BIRLAMONEY,INE865C01022,16-01-2024,NSE,EQ,EQ,sell,FALSE,9,129.6,4475759,1.00E+15,2024-01-16T13:12:09
BIRLAMONEY,INE865C01022,16-01-2024,NSE,EQ,EQ,sell,FALSE,7,129.6,4475760,1.00E+15,2024-01-16T13:12:09
BIRLAMONEY,INE865C01022,16-01-2024,NSE,EQ,EQ,sell,FALSE,1,129.6,4475761,1.00E+15,2024-01-16T13:12:09
BIRLAMONEY,INE865C01022,16-01-2024,NSE,EQ,EQ,sell,FALSE,42,129.6,4475762,1.00E+15,2024-01-16T13:12:09
BIRLAMONEY,INE865C01022,16-01-2024,NSE,EQ,EQ,sell,FALSE,1,129.55,4475763,1.00E+15,2024-01-16T13:12:09
BIRLAMONEY,INE865C01022,16-01-2024,NSE,EQ,EQ,sell,FALSE,83,129.55,4475764,1.00E+15,2024-01-16T13:12:09
BIRLAMONEY,INE865C01022,16-01-2024,NSE,EQ,EQ,sell,FALSE,159,129.75,4475733,1.00E+15,2024-01-16T13:12:09
BIRLAMONEY,INE865C01022,16-01-2024,NSE,EQ,EQ,sell,FALSE,9,129.55,4475766,1.00E+15,2024-01-16T13:12:09
BIRLAMONEY,INE865C01022,16-01-2024,NSE,EQ,EQ,sell,FALSE,24,129.55,4475767,1.00E+15,2024-01-16T13:12:09
BIRLAMONEY,INE865C01022,16-01-2024,NSE,EQ,EQ,sell,FALSE,8,129.55,4475768,1.00E+15,2024-01-16T13:12:09
BIRLAMONEY,INE865C01022,16-01-2024,NSE,EQ,EQ,sell,FALSE,18,129.5,4475769,1.00E+15,2024-01-16T13:12:09
BIRLAMONEY,INE865C01022,16-01-2024,NSE,EQ,EQ,sell,FALSE,8,129.5,4475770,1.00E+15,2024-01-16T13:12:09
BIRLAMONEY,INE865C01022,16-01-2024,NSE,EQ,EQ,sell,FALSE,9,129.5,4475771,1.00E+15,2024-01-16T13:12:09
BIRLAMONEY,INE865C01022,16-01-2024,NSE,EQ,EQ,sell,FALSE,12,129.5,4475772,1.00E+15,2024-01-16T13:12:09
BIRLAMONEY,INE865C01022,16-01-2024,NSE,EQ,EQ,sell,FALSE,58,129.5,4475773,1.00E+15,2024-01-16T13:12:09
BIRLAMONEY,INE865C01022,16-01-2024,NSE,EQ,EQ,sell,FALSE,8,129.5,4475774,1.00E+15,2024-01-16T13:12:09
BIRLAMONEY,INE865C01022,16-01-2024,NSE,EQ,EQ,sell,FALSE,7,129.5,4475775,1.00E+15,2024-01-16T13:12:09
BIRLAMONEY,INE865C01022,16-01-2024,NSE,EQ,EQ,sell,FALSE,26,129.5,4475776,1.00E+15,2024-01-16T13:12:09
BOROLTD,INE02PY01013,18-06-2024,NSE,EQ,EQ,buy,FALSE,2,339.9,6281616,1.00E+15,2024-06-18T13:30:17
BOROLTD,INE02PY01013,18-06-2024,NSE,EQ,EQ,buy,FALSE,81,339.95,6281618,1.00E+15,2024-06-18T13:30:17
BOROLTD,INE02PY01013,18-06-2024,NSE,EQ,EQ,buy,FALSE,34,339.9,6281617,1.00E+15,2024-06-18T13:30:17
BRITANNIA,INE216A01030,04-10-2023,NSE,EQ,EQ,buy,FALSE,8,4491,865267,1.00E+15,2023-10-04T09:52:04
BRITANNIA,INE216A01030,04-10-2023,NSE,EQ,EQ,buy,FALSE,5,4491,865266,1.00E+15,2023-10-04T09:52:04
BRITANNIA,INE216A01030,17-10-2023,NSE,EQ,EQ,buy,FALSE,4,4594.75,4024782,1.00E+15,2023-10-17T15:10:31
CAMS,INE596I01012,31-08-2023,NSE,EQ,EQ,buy,FALSE,3,2371.35,4136150,1.00E+15,2023-08-31T13:44:35
CAMS,INE596I01012,31-08-2023,NSE,EQ,EQ,buy,FALSE,4,2371.55,4136151,1.00E+15,2023-08-31T13:44:35
CAMS,INE596I01012,31-08-2023,NSE,EQ,EQ,buy,FALSE,6,2371.6,4136152,1.00E+15,2023-08-31T13:44:35
CAMS,INE596I01012,28-11-2023,NSE,EQ,EQ,buy,FALSE,34,2757,7456720,1.00E+15,2023-11-28T15:19:41
CDSL,INE736A01011,08-09-2023,NSE,EQ,EQ,buy,FALSE,14,1213.85,1861639,1.00E+15,2023-09-08T10:47:51
CDSL,INE736A01011,08-09-2023,NSE,EQ,EQ,buy,FALSE,11,1213.85,1861638,1.00E+15,2023-09-08T10:47:51
CDSL,INE736A01011,15-12-2023,NSE,EQ,EQ,sell,FALSE,25,1935,245629,1.00E+15,2023-12-15T09:18:47
CLEAN,INE227W01023,05-09-2023,NSE,EQ,EQ,buy,FALSE,1,1459.25,2266872,1.00E+15,2023-09-05T10:53:52
CLEAN,INE227W01023,05-09-2023,NSE,EQ,EQ,buy,FALSE,8,1459.2,2266871,1.00E+15,2023-09-05T10:53:52
CLEAN,INE227W01023,05-09-2023,NSE,EQ,EQ,buy,FALSE,10,1459.1,2266870,1.00E+15,2023-09-05T10:53:52
CLEAN,INE227W01023,05-09-2023,NSE,EQ,EQ,buy,FALSE,2,1459.3,2266873,1.00E+15,2023-09-05T10:53:52
CLEAN,INE227W01023,17-10-2023,BSE,EQ,A,buy,FALSE,15,1367.15,102553800,1.70E+18,2023-10-17T14:57:22
CLEAN,INE227W01023,17-10-2023,BSE,EQ,A,buy,FALSE,7,1367.1,102553500,1.70E+18,2023-10-17T14:57:22
COFFEEDAY,INE335K01011,12-04-2024,NSE,EQ,EQ,buy,FALSE,117,62.2,5785057,1.00E+15,2024-04-12T14:45:58
COFFEEDAY,INE335K01011,12-04-2024,NSE,EQ,EQ,buy,FALSE,24,62.15,5785056,1.00E+15,2024-04-12T14:45:58
COFFEEDAY,INE335K01011,12-04-2024,NSE,EQ,EQ,buy,FALSE,240,62.25,5785060,1.00E+15,2024-04-12T14:45:58
COFFEEDAY,INE335K01011,12-04-2024,NSE,EQ,EQ,buy,FALSE,129,62.2,5785059,1.00E+15,2024-04-12T14:45:58
COFFEEDAY,INE335K01011,12-04-2024,NSE,EQ,EQ,buy,FALSE,200,62.2,5785058,1.00E+15,2024-04-12T14:45:58
COFFEEDAY,INE335K01011,12-04-2024,NSE,EQ,EQ,buy,FALSE,435,62.1,6607035,1.00E+15,2024-04-12T15:16:05
COFFEEDAY,INE335K01011,27-05-2024,BSE,EQ,B,buy,FALSE,375,57.28,27694400,1.72E+18,2024-05-27T10:02:10
CROMPTON,INE299U01018,29-09-2023,NSE,EQ,EQ,buy,FALSE,165,306.85,151028,1.00E+15,2023-09-29T09:18:27
CROMPTON,INE299U01018,17-10-2023,NSE,EQ,EQ,buy,FALSE,7,300.4,3810911,1.00E+15,2023-10-17T14:57:49
CROMPTON,INE299U01018,17-10-2023,NSE,EQ,EQ,buy,FALSE,54,300.4,3810910,1.00E+15,2023-10-17T14:57:49
CROMPTON,INE299U01018,17-10-2023,NSE,EQ,EQ,buy,FALSE,39,300.4,3810912,1.00E+15,2023-10-17T14:57:49
CROMPTON,INE299U01018,18-05-2024,NSE,EQ,EQ,sell,FALSE,70,403.6,210600,1.00E+15,2024-05-18T09:24:04
CROMPTON,INE299U01018,18-05-2024,NSE,EQ,EQ,sell,FALSE,50,403.55,210603,1.00E+15,2024-05-18T09:24:04
CROMPTON,INE299U01018,18-05-2024,NSE,EQ,EQ,sell,FALSE,14,403.55,210602,1.00E+15,2024-05-18T09:24:04
CROMPTON,INE299U01018,18-05-2024,NSE,EQ,EQ,sell,FALSE,66,403.6,210601,1.00E+15,2024-05-18T09:24:04
CROMPTON,INE299U01018,18-05-2024,NSE,EQ,EQ,sell,FALSE,30,403.6,210599,1.00E+15,2024-05-18T09:24:04
CROMPTON,INE299U01018,18-05-2024,NSE,EQ,EQ,sell,FALSE,35,403.6,210598,1.00E+15,2024-05-18T09:24:04
CUB,INE491A01021,12-10-2023,NSE,EQ,EQ,buy,FALSE,136,139.55,3480888,1.00E+15,2023-10-12T14:12:43
CUB,INE491A01021,12-10-2023,NSE,EQ,EQ,buy,FALSE,37,139.6,3480891,1.00E+15,2023-10-12T14:12:43
CUB,INE491A01021,12-10-2023,NSE,EQ,EQ,buy,FALSE,114,139.6,3480890,1.00E+15,2023-10-12T14:12:43
CUB,INE491A01021,12-10-2023,NSE,EQ,EQ,buy,FALSE,143,139.6,3480889,1.00E+15,2023-10-12T14:12:43
CUB,INE491A01021,17-10-2023,BSE,EQ,A,buy,FALSE,145,139.3,5472800,1.70E+18,2023-10-17T15:05:13
CUB,INE491A01021,23-01-2024,NSE,EQ,EQ,sell,FALSE,1,141.25,5368114,1.00E+15,2024-01-23T12:47:57
CUB,INE491A01021,23-01-2024,NSE,EQ,EQ,sell,FALSE,81,141.25,5368115,1.00E+15,2024-01-23T12:47:57
CUB,INE491A01021,23-01-2024,NSE,EQ,EQ,sell,FALSE,340,141.2,5368116,1.00E+15,2024-01-23T12:47:57
CUB,INE491A01021,23-01-2024,NSE,EQ,EQ,sell,FALSE,1,141.2,5368117,1.00E+15,2024-01-23T12:47:57
CUB,INE491A01021,23-01-2024,NSE,EQ,EQ,sell,FALSE,2,141.2,5368118,1.00E+15,2024-01-23T12:47:57
CUB,INE491A01021,23-01-2024,NSE,EQ,EQ,sell,FALSE,16,141.2,5368120,1.00E+15,2024-01-23T12:47:57
CUB,INE491A01021,23-01-2024,NSE,EQ,EQ,sell,FALSE,13,141.2,5368119,1.00E+15,2024-01-23T12:47:57
CUB,INE491A01021,23-01-2024,NSE,EQ,EQ,sell,FALSE,1,141.25,5368112,1.00E+15,2024-01-23T12:47:57
CUB,INE491A01021,23-01-2024,NSE,EQ,EQ,sell,FALSE,120,141.25,5368113,1.00E+15,2024-01-23T12:47:57
DABUR,INE016A01026,27-10-2023,NSE,EQ,EQ,buy,FALSE,137,523.35,23447809,1.10E+15,2023-10-27T12:50:26
DABUR,INE016A01026,27-10-2023,NSE,EQ,EQ,buy,FALSE,33,523.35,23447808,1.10E+15,2023-10-27T12:50:26
DABUR,INE016A01026,27-10-2023,NSE,EQ,EQ,buy,FALSE,3,523.35,23447811,1.10E+15,2023-10-27T12:50:26
DABUR,INE016A01026,27-10-2023,NSE,EQ,EQ,buy,FALSE,2,523.35,23447810,1.10E+15,2023-10-27T12:50:26
DEN,INE947J01015,12-10-2023,NSE,EQ,EQ,buy,FALSE,169,54.15,24720782,1.10E+15,2023-10-12T14:32:54
DEN,INE947J01015,12-10-2023,NSE,EQ,EQ,buy,FALSE,229,54.1,24720778,1.10E+15,2023-10-12T14:32:54
DEN,INE947J01015,12-10-2023,NSE,EQ,EQ,buy,FALSE,229,54.1,24720779,1.10E+15,2023-10-12T14:32:54
DEN,INE947J01015,12-10-2023,NSE,EQ,EQ,buy,FALSE,372,54.1,24720780,1.10E+15,2023-10-12T14:32:54
DEN,INE947J01015,12-10-2023,NSE,EQ,EQ,buy,FALSE,1,54.1,24720781,1.10E+15,2023-10-12T14:32:54
DEN,INE947J01015,17-10-2023,NSE,EQ,EQ,buy,FALSE,431,50.6,25665582,1.10E+15,2023-10-17T14:51:47
DEN,INE947J01015,17-10-2023,NSE,EQ,EQ,buy,FALSE,169,50.6,25665583,1.10E+15,2023-10-17T14:51:47
DMART,INE192R01011,28-08-2023,NSE,EQ,EQ,buy,FALSE,4,3593.25,26378025,1.10E+15,2023-08-28T15:28:06
DMART,INE192R01011,28-08-2023,NSE,EQ,EQ,buy,FALSE,2,3593.25,26378024,1.10E+15,2023-08-28T15:28:06
DMART,INE192R01011,28-08-2023,NSE,EQ,EQ,buy,FALSE,1,3593.25,26378023,1.10E+15,2023-08-28T15:28:06
DMART,INE192R01011,12-04-2024,NSE,EQ,EQ,sell,FALSE,4,4777.25,28893277,1.10E+15,2024-04-12T15:14:28
DMART,INE192R01011,12-04-2024,NSE,EQ,EQ,sell,FALSE,3,4777.25,28893276,1.10E+15,2024-04-12T15:14:28
EICHERMOT,INE066A01021,26-09-2023,NSE,EQ,EQ,buy,FALSE,6,3502,21791080,1.10E+15,2023-09-26T10:32:00
EICHERMOT,INE066A01021,26-09-2023,NSE,EQ,EQ,buy,FALSE,3,3502,21791079,1.10E+15,2023-09-26T10:32:00
EICHERMOT,INE066A01021,15-11-2023,NSE,EQ,EQ,sell,FALSE,4,3843.05,25076601,1.10E+15,2023-11-15T13:33:02
EICHERMOT,INE066A01021,15-11-2023,NSE,EQ,EQ,sell,FALSE,5,3843.05,25076600,1.10E+15,2023-11-15T13:33:02
EMAMILTD,INE548C01032,07-09-2023,NSE,EQ,EQ,buy,FALSE,1,528,22155390,1.10E+15,2023-09-07T10:28:53
EMAMILTD,INE548C01032,07-09-2023,NSE,EQ,EQ,buy,FALSE,5,528.15,22155393,1.10E+15,2023-09-07T10:28:53
EMAMILTD,INE548C01032,07-09-2023,NSE,EQ,EQ,buy,FALSE,10,528.1,22155392,1.10E+15,2023-09-07T10:28:53
EMAMILTD,INE548C01032,07-09-2023,NSE,EQ,EQ,buy,FALSE,11,528.1,22155391,1.10E+15,2023-09-07T10:28:53
EMAMILTD,INE548C01032,07-09-2023,NSE,EQ,EQ,buy,FALSE,9,528,22155389,1.10E+15,2023-09-07T10:28:53
FINEORG,INE686Y01026,05-09-2023,NSE,EQ,EQ,buy,FALSE,1,4907.15,23001355,1.10E+15,2023-09-05T10:52:43
FINEORG,INE686Y01026,05-09-2023,NSE,EQ,EQ,buy,FALSE,3,4907.2,23001358,1.10E+15,2023-09-05T10:52:43
FINEORG,INE686Y01026,05-09-2023,NSE,EQ,EQ,buy,FALSE,1,4907.15,23001357,1.10E+15,2023-09-05T10:52:43
FINEORG,INE686Y01026,05-09-2023,NSE,EQ,EQ,buy,FALSE,1,4907.15,23001356,1.10E+15,2023-09-05T10:52:43
GICRE,INE481Y01014,11-09-2023,NSE,EQ,EQ,buy,FALSE,1,224.95,21887671,1.10E+15,2023-09-11T10:10:22
GICRE,INE481Y01014,11-09-2023,NSE,EQ,EQ,buy,FALSE,50,224.95,21887664,1.10E+15,2023-09-11T10:10:22
GICRE,INE481Y01014,11-09-2023,NSE,EQ,EQ,buy,FALSE,25,224.95,21887665,1.10E+15,2023-09-11T10:10:22
GICRE,INE481Y01014,11-09-2023,NSE,EQ,EQ,buy,FALSE,16,224.95,21887666,1.10E+15,2023-09-11T10:10:22
GICRE,INE481Y01014,11-09-2023,NSE,EQ,EQ,buy,FALSE,5,224.95,21887667,1.10E+15,2023-09-11T10:10:22
GICRE,INE481Y01014,11-09-2023,NSE,EQ,EQ,buy,FALSE,16,224.95,21887668,1.10E+15,2023-09-11T10:10:22
GICRE,INE481Y01014,11-09-2023,NSE,EQ,EQ,buy,FALSE,5,224.95,21887669,1.10E+15,2023-09-11T10:10:22
GICRE,INE481Y01014,11-09-2023,NSE,EQ,EQ,buy,FALSE,16,224.95,21887670,1.10E+15,2023-09-11T10:10:22
GICRE,INE481Y01014,17-10-2023,NSE,EQ,EQ,buy,FALSE,90,226.6,26390484,1.10E+15,2023-10-17T15:22:16
GICRE,INE481Y01014,30-01-2024,BSE,EQ,A,sell,FALSE,133,382.5,5010100,1.71E+18,2024-01-30T11:39:22
GICRE,INE481Y01014,30-01-2024,BSE,EQ,A,sell,FALSE,61,382.6,5009500,1.71E+18,2024-01-30T11:39:22
GICRE,INE481Y01014,30-01-2024,BSE,EQ,A,sell,FALSE,30,382.55,5009800,1.71E+18,2024-01-30T11:39:22
GICRE,INE481Y01014,15-04-2024,NSE,EQ,EQ,buy,FALSE,33,329.45,28045387,1.10E+15,2024-04-15T13:48:10
GICRE,INE481Y01014,15-04-2024,NSE,EQ,EQ,buy,FALSE,20,329.45,28045388,1.10E+15,2024-04-15T13:48:10
GLAND,INE068V01023,11-09-2023,NSE,EQ,EQ,buy,FALSE,5,1676.5,21931888,1.10E+15,2023-09-11T10:12:37
GLAND,INE068V01023,11-09-2023,NSE,EQ,EQ,buy,FALSE,7,1676.5,21931887,1.10E+15,2023-09-11T10:12:37
GLAND,INE068V01023,11-09-2023,NSE,EQ,EQ,buy,FALSE,3,1676.5,21931889,1.10E+15,2023-09-11T10:12:37
GLAND,INE068V01023,11-09-2023,NSE,EQ,EQ,buy,FALSE,5,1676.5,21931886,1.10E+15,2023-09-11T10:12:37
GREENPANEL,INE08ZM01014,25-01-2024,NSE,EQ,EQ,buy,FALSE,253,396,31446666,1.10E+15,2024-01-25T15:29:35
GREENPANEL,INE08ZM01014,26-02-2024,BSE,EQ,A,buy,FALSE,38,389.15,30098300,1.71E+18,2024-02-26T09:41:46
GREENPANEL,INE08ZM01014,26-02-2024,BSE,EQ,A,buy,FALSE,24,389.2,30098500,1.71E+18,2024-02-26T09:41:46
GREENPANEL,INE08ZM01014,26-02-2024,BSE,EQ,A,buy,FALSE,39,389.25,30098700,1.71E+18,2024-02-26T09:41:46
GREENPANEL,INE08ZM01014,26-02-2024,BSE,EQ,A,buy,FALSE,28,389.3,30098900,1.71E+18,2024-02-26T09:41:46
GREENPANEL,INE08ZM01014,26-02-2024,BSE,EQ,A,buy,FALSE,1,389.35,30099100,1.71E+18,2024-02-26T09:41:46
HATHWAY,INE982F01036,11-10-2023,NSE,EQ,EQ,buy,FALSE,2357,19.65,25148685,1.10E+15,2023-10-11T14:50:34
HATHWAY,INE982F01036,11-10-2023,NSE,EQ,EQ,buy,FALSE,161,19.65,25148684,1.10E+15,2023-10-11T14:50:34
HATHWAY,INE982F01036,11-10-2023,NSE,EQ,EQ,buy,FALSE,482,19.65,25148683,1.10E+15,2023-10-11T14:50:34
HATHWAY,INE982F01036,17-10-2023,NSE,EQ,EQ,buy,FALSE,1000,20,25942609,1.10E+15,2023-10-17T15:07:01
HDFCBANK,INE040A01034,28-08-2023,NSE,EQ,EQ,buy,FALSE,30,1576.3,24092698,1.10E+15,2023-08-28T13:12:51
HDFCBANK,INE040A01034,20-09-2023,BSE,EQ,A,buy,FALSE,4,1562.7,18137400,1.70E+18,2023-09-20T12:43:47
HDFCBANK,INE040A01034,20-09-2023,BSE,EQ,A,buy,FALSE,28,1562.75,18137700,1.70E+18,2023-09-20T12:43:47
HDFCBANK,INE040A01034,17-10-2023,NSE,EQ,EQ,buy,FALSE,8,1542.2,25713743,1.10E+15,2023-10-17T14:54:44
HDFCBANK,INE040A01034,17-10-2023,NSE,EQ,EQ,buy,FALSE,12,1542.2,25713742,1.10E+15,2023-10-17T14:54:44
HDFCLIFE,INE795G01014,14-05-2024,NSE,EQ,EQ,buy,FALSE,200,562.05,27531315,1.10E+15,2024-05-14T15:10:28
HINDUNILVR,INE030A01027,04-10-2023,NSE,EQ,EQ,buy,FALSE,24,2491.25,21286010,1.10E+15,2023-10-04T09:53:24
HINDUNILVR,INE030A01027,17-10-2023,NSE,EQ,EQ,buy,FALSE,5,2557.8,26062191,1.10E+15,2023-10-17T15:11:45
HINDUNILVR,INE030A01027,17-10-2023,NSE,EQ,EQ,buy,FALSE,1,2557.8,26062192,1.10E+15,2023-10-17T15:11:45
HINDUNILVR,INE030A01027,17-10-2023,NSE,EQ,EQ,buy,FALSE,1,2557.8,26062193,1.10E+15,2023-10-17T15:11:45
HINDUNILVR,INE030A01027,17-10-2023,NSE,EQ,EQ,buy,FALSE,1,2557.8,26062194,1.10E+15,2023-10-17T15:11:45
IBULHSGFIN,INE148I01020,12-11-2023,NSE,EQ,EQ,buy,FALSE,300,170.35,21538752,1.10E+15,2023-11-12T18:57:23
IEX,INE022Q01020,28-08-2023,NSE,EQ,EQ,buy,FALSE,11,125,26340644,1.10E+15,2023-08-28T15:26:27
IEX,INE022Q01020,28-08-2023,NSE,EQ,EQ,buy,FALSE,9,125,26340642,1.10E+15,2023-08-28T15:26:27
IEX,INE022Q01020,28-08-2023,NSE,EQ,EQ,buy,FALSE,69,125,26340643,1.10E+15,2023-08-28T15:26:27
IEX,INE022Q01020,28-08-2023,NSE,EQ,EQ,buy,FALSE,161,125,26340645,1.10E+15,2023-08-28T15:26:27
IEX,INE022Q01020,17-10-2023,BSE,EQ,A,buy,FALSE,33,135.95,6689200,1.70E+18,2023-10-17T15:16:41
IEX,INE022Q01020,17-10-2023,BSE,EQ,A,buy,FALSE,25,135.9,6688900,1.70E+18,2023-10-17T15:16:41
IEX,INE022Q01020,17-10-2023,BSE,EQ,A,buy,FALSE,142,136,6689400,1.70E+18,2023-10-17T15:16:41
INDUSINDBK,INE095A01012,11-09-2023,NSE,EQ,EQ,buy,FALSE,21,1445.4,21978702,1.10E+15,2023-09-11T10:15:03
IRCTC,INE335Y01020,08-09-2023,NSE,EQ,EQ,buy,FALSE,43,709.5,22379032,1.10E+15,2023-09-08T10:46:23
IRCTC,INE335Y01020,31-01-2024,NSE,EQ,EQ,buy,FALSE,35,972,23235956,1.10E+15,2024-01-31T10:30:52
IRCTC,INE335Y01020,31-01-2024,NSE,EQ,EQ,buy,FALSE,1,972,23235957,1.10E+15,2024-01-31T10:30:52
IRCTC,INE335Y01020,31-01-2024,NSE,EQ,EQ,buy,FALSE,26,972,23235958,1.10E+15,2024-01-31T10:30:52
IRCTC,INE335Y01020,26-02-2024,NSE,EQ,EQ,buy,FALSE,51,988,21656127,1.10E+15,2024-02-26T09:42:25
J&KBANK,INE168A01041,11-09-2023,NSE,EQ,EQ,buy,FALSE,300,102.35,41728934,1.20E+15,2023-09-11T10:07:43
J&KBANK,INE168A01041,06-10-2023,NSE,EQ,EQ,sell,FALSE,100,113.05,44211272,1.20E+15,2023-10-06T13:45:16
J&KBANK,INE168A01041,06-10-2023,NSE,EQ,EQ,sell,FALSE,4,113.05,44211273,1.20E+15,2023-10-06T13:45:16
J&KBANK,INE168A01041,06-10-2023,NSE,EQ,EQ,sell,FALSE,196,113.05,44211271,1.20E+15,2023-10-06T13:45:16
JIOFIN,INE758E01017,11-09-2023,NSE,EQ,EQ,buy,FALSE,120,254,40994624,1.20E+15,2023-09-11T09:37:47
JIOFIN,INE758E01017,18-09-2023,NSE,EQ,EQ,buy,FALSE,120,238,41173387,1.20E+15,2023-09-18T09:50:18
JIOFIN,INE758E01017,25-09-2023,BSE,EQ,B,buy,FALSE,88,229.8,57256100,1.70E+18,2023-09-25T15:23:08
JIOFIN,INE758E01017,27-09-2023,BSE,EQ,B,buy,FALSE,60,229.05,17014300,1.70E+18,2023-09-27T10:15:36
JIOFIN,INE758E01017,27-09-2023,BSE,EQ,B,buy,FALSE,50,229,17014000,1.70E+18,2023-09-27T10:15:36
JIOFIN,INE758E01017,17-10-2023,BSE,EQ,B,buy,FALSE,135,222.4,64261400,1.70E+18,2023-10-17T14:48:15
JIOFIN,INE758E01017,23-02-2024,BSE,EQ,B,sell,FALSE,573,336.1,35167900,1.71E+18,2024-02-23T10:13:20
JMFINANCIL,INE780C01023,08-09-2023,NSE,EQ,EQ,buy,FALSE,169,91.25,42362017,1.20E+15,2023-09-08T10:39:16
JMFINANCIL,INE780C01023,08-09-2023,NSE,EQ,EQ,buy,FALSE,119,91.25,42362016,1.20E+15,2023-09-08T10:39:16
JMFINANCIL,INE780C01023,08-09-2023,NSE,EQ,EQ,buy,FALSE,50,91.25,42362015,1.20E+15,2023-09-08T10:39:16
JMFINANCIL,INE780C01023,05-03-2024,BSE,EQ,A,sell,FALSE,237,95.27,10308500,1.71E+18,2024-03-05T15:27:13
JMFINANCIL,INE780C01023,05-03-2024,BSE,EQ,A,sell,FALSE,10,95.32,10307800,1.71E+18,2024-03-05T15:27:13
JMFINANCIL,INE780C01023,05-03-2024,BSE,EQ,A,sell,FALSE,73,95.31,10308000,1.71E+18,2024-03-05T15:27:13
JMFINANCIL,INE780C01023,05-03-2024,BSE,EQ,A,sell,FALSE,18,95.3,10308200,1.71E+18,2024-03-05T15:27:13
JPPOWER,INE351F01018,04-09-2023,NSE,EQ,EQ,buy,FALSE,3620,8.35,46823229,1.20E+15,2023-09-04T14:46:19
JPPOWER,INE351F01018,07-11-2023,BSE,EQ,A,sell,FALSE,3620,14.11,73628300,1.70E+18,2023-11-07T12:09:00
JPPOWER,INE351F01018,08-04-2024,NSE,EQ,BE,buy,FALSE,100,18.7,41701529,1.20E+15,2024-04-08T10:01:05
JPPOWER,INE351F01018,08-04-2024,NSE,EQ,BE,buy,FALSE,743,18.65,41701525,1.20E+15,2024-04-08T10:01:05
JPPOWER,INE351F01018,08-04-2024,NSE,EQ,BE,buy,FALSE,596,18.65,41701526,1.20E+15,2024-04-08T10:01:05
JPPOWER,INE351F01018,08-04-2024,NSE,EQ,BE,buy,FALSE,22,18.7,41701527,1.20E+15,2024-04-08T10:01:05
JPPOWER,INE351F01018,08-04-2024,NSE,EQ,BE,buy,FALSE,29,18.7,41701528,1.20E+15,2024-04-08T10:01:05
JPPOWER,INE351F01018,08-04-2024,NSE,EQ,BE,buy,FALSE,26,18.7,41701530,1.20E+15,2024-04-08T10:01:05
JPPOWER,INE351F01018,08-04-2024,NSE,EQ,BE,buy,FALSE,1704,18.7,41701531,1.20E+15,2024-04-08T10:01:05
JUBLFOOD,INE797F01020,08-09-2023,NSE,EQ,EQ,buy,FALSE,23,530.5,42483801,1.20E+15,2023-09-08T10:45:03
JUBLFOOD,INE797F01020,08-09-2023,NSE,EQ,EQ,buy,FALSE,32,530.5,42483799,1.20E+15,2023-09-08T10:45:03
JUBLFOOD,INE797F01020,08-09-2023,NSE,EQ,EQ,buy,FALSE,5,530.5,42483800,1.20E+15,2023-09-08T10:45:03
KANSAINER,INE531A01024,20-12-2023,NSE,EQ,EQ,buy,FALSE,20,330.8,44826520,1.20E+15,2023-12-20T12:30:57
KANSAINER,INE531A01024,20-12-2023,NSE,EQ,EQ,buy,FALSE,70,330.55,44826512,1.20E+15,2023-12-20T12:30:57
KANSAINER,INE531A01024,20-12-2023,NSE,EQ,EQ,buy,FALSE,30,330.75,44826513,1.20E+15,2023-12-20T12:30:57
KANSAINER,INE531A01024,20-12-2023,NSE,EQ,EQ,buy,FALSE,11,330.75,44826514,1.20E+15,2023-12-20T12:30:57
KANSAINER,INE531A01024,20-12-2023,NSE,EQ,EQ,buy,FALSE,4,330.75,44826515,1.20E+15,2023-12-20T12:30:57
KANSAINER,INE531A01024,20-12-2023,NSE,EQ,EQ,buy,FALSE,24,330.75,44826516,1.20E+15,2023-12-20T12:30:57
KANSAINER,INE531A01024,20-12-2023,NSE,EQ,EQ,buy,FALSE,120,330.75,44826517,1.20E+15,2023-12-20T12:30:57
KANSAINER,INE531A01024,20-12-2023,NSE,EQ,EQ,buy,FALSE,1,330.75,44826518,1.20E+15,2023-12-20T12:30:57
KANSAINER,INE531A01024,20-12-2023,NSE,EQ,EQ,buy,FALSE,27,330.75,44826519,1.20E+15,2023-12-20T12:30:57
KANSAINER,INE531A01024,20-12-2023,NSE,EQ,EQ,buy,FALSE,6,330.8,44826521,1.20E+15,2023-12-20T12:30:57
KANSAINER,INE531A01024,20-12-2023,NSE,EQ,EQ,buy,FALSE,1,330.85,44826522,1.20E+15,2023-12-20T12:30:57
KANSAINER,INE531A01024,20-12-2023,NSE,EQ,EQ,buy,FALSE,20,330.85,44826523,1.20E+15,2023-12-20T12:30:57
KANSAINER,INE531A01024,20-12-2023,NSE,EQ,EQ,buy,FALSE,1,330.85,44826524,1.20E+15,2023-12-20T12:30:57
KANSAINER,INE531A01024,20-12-2023,NSE,EQ,EQ,buy,FALSE,12,330.85,44826525,1.20E+15,2023-12-20T12:30:57
KANSAINER,INE531A01024,20-12-2023,NSE,EQ,EQ,buy,FALSE,15,330.85,44826526,1.20E+15,2023-12-20T12:30:57
KOTAKBANK,INE237A01028,28-08-2023,NSE,EQ,EQ,buy,FALSE,2,1790.1,44902408,1.20E+15,2023-08-28T14:42:10
KOTAKBANK,INE237A01028,28-08-2023,NSE,EQ,EQ,buy,FALSE,4,1790.1,44902407,1.20E+15,2023-08-28T14:42:10
KOTAKBANK,INE237A01028,28-08-2023,NSE,EQ,EQ,buy,FALSE,7,1790.1,44902402,1.20E+15,2023-08-28T14:42:10
KOTAKBANK,INE237A01028,28-08-2023,NSE,EQ,EQ,buy,FALSE,1,1790.1,44902403,1.20E+15,2023-08-28T14:42:10
KOTAKBANK,INE237A01028,28-08-2023,NSE,EQ,EQ,buy,FALSE,4,1790.1,44902404,1.20E+15,2023-08-28T14:42:10
KOTAKBANK,INE237A01028,28-08-2023,NSE,EQ,EQ,buy,FALSE,1,1790.1,44902406,1.20E+15,2023-08-28T14:42:10
KOTAKBANK,INE237A01028,28-08-2023,NSE,EQ,EQ,buy,FALSE,7,1790.1,44902405,1.20E+15,2023-08-28T14:42:10
KOTAKBANK,INE237A01028,17-10-2023,BSE,EQ,A,buy,FALSE,2,1769.05,2679200,1.70E+18,2023-10-17T14:55:16
KOTAKBANK,INE237A01028,17-10-2023,BSE,EQ,A,buy,FALSE,2,1769,2679000,1.70E+18,2023-10-17T14:55:16
KOTAKBANK,INE237A01028,17-10-2023,BSE,EQ,A,buy,FALSE,13,1769.1,2679400,1.70E+18,2023-10-17T14:55:16
KOTAKBANK,INE237A01028,17-01-2024,NSE,EQ,EQ,buy,FALSE,7,1778,46753857,1.20E+15,2024-01-17T13:35:13
KOTAKBANK,INE237A01028,17-01-2024,NSE,EQ,EQ,buy,FALSE,33,1777.95,46753856,1.20E+15,2024-01-17T13:35:13
LALPATHLAB,INE600L01024,31-01-2024,NSE,EQ,EQ,buy,FALSE,36,2519.9,50200426,1.20E+15,2024-01-31T15:00:02
LICI,INE0J1Y01017,28-08-2023,NSE,EQ,EQ,buy,FALSE,38,655.05,45975590,1.20E+15,2023-08-28T15:27:32
LICI,INE0J1Y01017,17-10-2023,NSE,EQ,EQ,buy,FALSE,4,649.15,45670294,1.20E+15,2023-10-17T14:58:49
LICI,INE0J1Y01017,17-10-2023,NSE,EQ,EQ,buy,FALSE,43,649.15,45670295,1.20E+15,2023-10-17T14:58:49
LICI,INE0J1Y01017,31-01-2024,NSE,EQ,EQ,sell,FALSE,85,965,45376970,1.20E+15,2024-01-31T11:44:04
LUXIND,INE150G01020,31-08-2023,NSE,EQ,EQ,buy,FALSE,2,1466.35,44413204,1.20E+15,2023-08-31T13:46:52
LUXIND,INE150G01020,31-08-2023,NSE,EQ,EQ,buy,FALSE,6,1466.25,44413201,1.20E+15,2023-08-31T13:46:52
LUXIND,INE150G01020,31-08-2023,NSE,EQ,EQ,buy,FALSE,7,1466.3,44413202,1.20E+15,2023-08-31T13:46:52
LUXIND,INE150G01020,31-08-2023,NSE,EQ,EQ,buy,FALSE,1,1466.35,44413203,1.20E+15,2023-08-31T13:46:52
LUXIND,INE150G01020,31-08-2023,NSE,EQ,EQ,buy,FALSE,5,1466.4,44413205,1.20E+15,2023-08-31T13:46:52
MASFIN,INE348L01012,17-01-2024,NSE,EQ,EQ,buy,FALSE,100,980,43395503,1.20E+15,2024-01-17T10:42:29
METROPOLIS,INE112L01020,31-08-2023,NSE,EQ,EQ,buy,FALSE,17,1347.6,44369490,1.20E+15,2023-08-31T13:43:22
METROPOLIS,INE112L01020,31-08-2023,NSE,EQ,EQ,buy,FALSE,3,1347.65,44369494,1.20E+15,2023-08-31T13:43:22
METROPOLIS,INE112L01020,31-08-2023,NSE,EQ,EQ,buy,FALSE,1,1347.65,44369493,1.20E+15,2023-08-31T13:43:22
METROPOLIS,INE112L01020,31-08-2023,NSE,EQ,EQ,buy,FALSE,1,1347.65,44369492,1.20E+15,2023-08-31T13:43:22
METROPOLIS,INE112L01020,31-08-2023,NSE,EQ,EQ,buy,FALSE,1,1347.65,44369491,1.20E+15,2023-08-31T13:43:22
NIACL,INE470Y01017,08-09-2023,NSE,EQ,EQ,buy,FALSE,146,134.3,42456845,1.20E+15,2023-09-08T10:43:59
NIACL,INE470Y01017,08-09-2023,NSE,EQ,EQ,buy,FALSE,19,134.3,42456847,1.20E+15,2023-09-08T10:43:59
NIACL,INE470Y01017,08-09-2023,NSE,EQ,EQ,buy,FALSE,60,134.3,42456846,1.20E+15,2023-09-08T10:43:59
NIACL,INE470Y01017,30-11-2023,NSE,EQ,EQ,sell,FALSE,110,247.25,41779307,1.20E+15,2023-11-30T10:10:14
NIACL,INE470Y01017,30-11-2023,NSE,EQ,EQ,sell,FALSE,10,247.3,41779306,1.20E+15,2023-11-30T10:10:14
NIACL,INE470Y01017,30-11-2023,NSE,EQ,EQ,sell,FALSE,36,247.3,41779304,1.20E+15,2023-11-30T10:10:14
NIACL,INE470Y01017,30-11-2023,NSE,EQ,EQ,sell,FALSE,69,247.3,41779305,1.20E+15,2023-11-30T10:10:14
NMDC,INE584A01023,31-08-2023,NSE,EQ,EQ,buy,FALSE,250,122.25,44873740,1.20E+15,2023-08-31T14:21:36
NMDC,INE584A01023,16-10-2023,NSE,EQ,EQ,sell,FALSE,250,164.8,45864374,1.20E+15,2023-10-16T15:01:26
PAGEIND,INE761H01022,05-09-2023,NSE,EQ,EQ,buy,FALSE,1,39670,42454656,1.20E+15,2023-09-05T10:45:32
PIDILITIND,INE318A01026,05-09-2023,NSE,EQ,EQ,buy,FALSE,1,2489.8,42446708,1.20E+15,2023-09-05T10:45:04
PIDILITIND,INE318A01026,05-09-2023,NSE,EQ,EQ,buy,FALSE,6,2489.8,42446707,1.20E+15,2023-09-05T10:45:04
PIDILITIND,INE318A01026,05-09-2023,NSE,EQ,EQ,buy,FALSE,8,2490,42446710,1.20E+15,2023-09-05T10:45:04
PIDILITIND,INE318A01026,05-09-2023,NSE,EQ,EQ,buy,FALSE,1,2490,42446709,1.20E+15,2023-09-05T10:45:04
PIDILITIND,INE318A01026,17-10-2023,NSE,EQ,EQ,buy,FALSE,11,2420.85,45620305,1.20E+15,2023-10-17T14:56:10
PIDILITIND,INE318A01026,17-10-2023,NSE,EQ,EQ,buy,FALSE,1,2420.9,45620306,1.20E+15,2023-10-17T14:56:10
PNB,INE160A01022,08-09-2023,NSE,EQ,EQ,buy,FALSE,700,66.35,42402908,1.20E+15,2023-09-08T10:41:16
PNB,INE160A01022,06-10-2023,BSE,EQ,A,sell,FALSE,700,77.25,2841600,1.70E+18,2023-10-06T13:45:34
RAJESHEXPO,INE343B01030,28-08-2023,NSE,EQ,EQ,buy,FALSE,1,503.7,66120520,1.30E+15,2023-08-28T15:22:42
RAJESHEXPO,INE343B01030,28-08-2023,NSE,EQ,EQ,buy,FALSE,58,503.7,66120521,1.30E+15,2023-08-28T15:22:42
RAJESHEXPO,INE343B01030,28-08-2023,NSE,EQ,EQ,buy,FALSE,2,503.75,66120522,1.30E+15,2023-08-28T15:22:42
RAJESHEXPO,INE343B01030,28-08-2023,NSE,EQ,EQ,buy,FALSE,9,503.8,66120523,1.30E+15,2023-08-28T15:22:42
RELAXO,INE131B01039,05-09-2023,NSE,EQ,EQ,buy,FALSE,4,929.4,62688293,1.30E+15,2023-09-05T10:51:05
RELAXO,INE131B01039,05-09-2023,NSE,EQ,EQ,buy,FALSE,5,929.25,62688288,1.30E+15,2023-09-05T10:51:05
RELAXO,INE131B01039,05-09-2023,NSE,EQ,EQ,buy,FALSE,12,929.3,62688289,1.30E+15,2023-09-05T10:51:05
RELAXO,INE131B01039,05-09-2023,NSE,EQ,EQ,buy,FALSE,5,929.3,62688290,1.30E+15,2023-09-05T10:51:05
RELAXO,INE131B01039,05-09-2023,NSE,EQ,EQ,buy,FALSE,11,929.3,62688291,1.30E+15,2023-09-05T10:51:05
RELAXO,INE131B01039,05-09-2023,NSE,EQ,EQ,buy,FALSE,5,929.4,62688292,1.30E+15,2023-09-05T10:51:05
RELAXO,INE131B01039,05-09-2023,NSE,EQ,EQ,buy,FALSE,1,929.45,62688294,1.30E+15,2023-09-05T10:51:05
RELIANCE,INE002A01018,04-10-2023,NSE,EQ,EQ,buy,FALSE,26,2301.85,61274661,1.30E+15,2023-10-04T09:54:42
RELIANCE,INE002A01018,17-10-2023,NSE,EQ,EQ,buy,FALSE,3,2355.4,65796787,1.30E+15,2023-10-17T15:08:51
RELIANCE,INE002A01018,17-10-2023,NSE,EQ,EQ,buy,FALSE,6,2355.4,65796788,1.30E+15,2023-10-17T15:08:51
RELIANCE,INE002A01018,19-02-2024,BSE,EQ,A,sell,FALSE,35,2929,5668400,1.71E+18,2024-02-19T13:26:16
REPCOHOME,INE612J01015,27-06-2024,NSE,EQ,EQ,buy,FALSE,7,532.9,73248696,1.30E+15,2024-06-27T09:35:52
REPCOHOME,INE612J01015,27-06-2024,NSE,EQ,EQ,buy,FALSE,1,532.95,73248697,1.30E+15,2024-06-27T09:35:52
REPCOHOME,INE612J01015,27-06-2024,NSE,EQ,EQ,buy,FALSE,4,532.95,73248698,1.30E+15,2024-06-27T09:35:52
REPCOHOME,INE612J01015,27-06-2024,NSE,EQ,EQ,buy,FALSE,13,533,73248699,1.30E+15,2024-06-27T09:35:52
REPCOHOME,INE612J01015,27-06-2024,NSE,EQ,EQ,buy,FALSE,20,533.05,73248700,1.30E+15,2024-06-27T09:35:52
REPCOHOME,INE612J01015,27-06-2024,NSE,EQ,EQ,buy,FALSE,1,533.05,73248701,1.30E+15,2024-06-27T09:35:52
REPCOHOME,INE612J01015,27-06-2024,NSE,EQ,EQ,buy,FALSE,1,533.05,73248702,1.30E+15,2024-06-27T09:35:52
REPCOHOME,INE612J01015,27-06-2024,NSE,EQ,EQ,buy,FALSE,1,533.05,73248703,1.30E+15,2024-06-27T09:35:52
REPCOHOME,INE612J01015,27-06-2024,NSE,EQ,EQ,buy,FALSE,3,533.05,73248704,1.30E+15,2024-06-27T09:35:52
REPCOHOME,INE612J01015,27-06-2024,NSE,EQ,EQ,buy,FALSE,72,533.1,73248705,1.30E+15,2024-06-27T09:35:52
REPCOHOME,INE612J01015,27-06-2024,NSE,EQ,EQ,buy,FALSE,19,533.15,73248706,1.30E+15,2024-06-27T09:35:52
REPCOHOME,INE612J01015,27-06-2024,NSE,EQ,EQ,buy,FALSE,8,533.15,73248707,1.30E+15,2024-06-27T09:35:52
ROSSARI,INE02A801020,05-09-2023,NSE,EQ,EQ,buy,FALSE,25,851,62595252,1.30E+15,2023-09-05T10:45:56
ROSSARI,INE02A801020,05-09-2023,NSE,EQ,EQ,buy,FALSE,6,850.95,62595250,1.30E+15,2023-09-05T10:45:56
ROSSARI,INE02A801020,05-09-2023,NSE,EQ,EQ,buy,FALSE,5,851,62595251,1.30E+15,2023-09-05T10:45:56
ROSSARI,INE02A801020,17-10-2023,BSE,EQ,A,buy,FALSE,17,812.2,101401300,1.70E+18,2023-10-17T14:53:12
ROSSARI,INE02A801020,17-10-2023,BSE,EQ,A,buy,FALSE,8,812.25,101401700,1.70E+18,2023-10-17T14:53:12
ROSSARI,INE02A801020,14-05-2024,NSE,EQ,EQ,buy,FALSE,10,699.55,67304794,1.30E+15,2024-05-14T15:07:01
ROSSARI,INE02A801020,14-05-2024,NSE,EQ,EQ,buy,FALSE,2,699.5,67304792,1.30E+15,2024-05-14T15:07:01
ROSSARI,INE02A801020,14-05-2024,NSE,EQ,EQ,buy,FALSE,12,699.45,67304791,1.30E+15,2024-05-14T15:07:01
ROSSARI,INE02A801020,14-05-2024,NSE,EQ,EQ,buy,FALSE,1,699.45,67304790,1.30E+15,2024-05-14T15:07:01
ROSSARI,INE02A801020,14-05-2024,NSE,EQ,EQ,buy,FALSE,2,699.45,67304789,1.30E+15,2024-05-14T15:07:01
ROSSARI,INE02A801020,14-05-2024,NSE,EQ,EQ,buy,FALSE,1,699.45,67304788,1.30E+15,2024-05-14T15:07:01
ROSSARI,INE02A801020,14-05-2024,NSE,EQ,EQ,buy,FALSE,3,699.55,67304793,1.30E+15,2024-05-14T15:07:01
ROSSARI,INE02A801020,14-05-2024,NSE,EQ,EQ,buy,FALSE,32,699.4,67304787,1.30E+15,2024-05-14T15:07:01
ROSSARI,INE02A801020,14-05-2024,NSE,EQ,EQ,buy,FALSE,4,699.75,67304800,1.30E+15,2024-05-14T15:07:01
ROSSARI,INE02A801020,14-05-2024,NSE,EQ,EQ,buy,FALSE,4,699.7,67304799,1.30E+15,2024-05-14T15:07:01
ROSSARI,INE02A801020,14-05-2024,NSE,EQ,EQ,buy,FALSE,10,699.7,67304798,1.30E+15,2024-05-14T15:07:01
ROSSARI,INE02A801020,14-05-2024,NSE,EQ,EQ,buy,FALSE,10,699.65,67304797,1.30E+15,2024-05-14T15:07:01
ROSSARI,INE02A801020,14-05-2024,NSE,EQ,EQ,buy,FALSE,1,699.55,67304796,1.30E+15,2024-05-14T15:07:01
ROSSARI,INE02A801020,14-05-2024,NSE,EQ,EQ,buy,FALSE,1,699.55,67304795,1.30E+15,2024-05-14T15:07:01
SAIL,INE114A01011,07-09-2023,NSE,EQ,EQ,buy,FALSE,210,99.15,62035480,1.30E+15,2023-09-07T10:27:07
SAIL,INE114A01011,07-02-2024,BSE,EQ,A,sell,FALSE,111,146.7,1232200,1.71E+18,2024-02-07T09:25:55
SAIL,INE114A01011,07-02-2024,BSE,EQ,A,sell,FALSE,99,146.75,1231900,1.71E+18,2024-02-07T09:25:55
SBICARD,INE018E01016,28-09-2023,NSE,EQ,EQ,buy,FALSE,49,790.75,63947046,1.30E+15,2023-09-28T13:20:34
SBICARD,INE018E01016,28-09-2023,NSE,EQ,EQ,buy,FALSE,12,790.8,63947047,1.30E+15,2023-09-28T13:20:34
SBICARD,INE018E01016,28-09-2023,NSE,EQ,EQ,buy,FALSE,1,790.75,63947044,1.30E+15,2023-09-28T13:20:34
SBICARD,INE018E01016,28-09-2023,NSE,EQ,EQ,buy,FALSE,2,790.75,63947045,1.30E+15,2023-09-28T13:20:34
SBICARD,INE018E01016,17-10-2023,BSE,EQ,A,buy,FALSE,38,805.65,105929900,1.70E+18,2023-10-17T15:08:21
SBIETFPB,INF200KA1S22,04-03-2024,NSE,EQ,EQ,buy,FALSE,107,239.46,64933381,1.30E+15,2024-03-04T12:35:13
SBIETFPB,INF200KA1S22,07-03-2024,NSE,EQ,EQ,buy,FALSE,130,242.09,63238019,1.30E+15,2024-03-07T10:40:33
SBIN,INE062A01020,28-08-2023,NSE,EQ,EQ,buy,FALSE,2,572.95,63485318,1.30E+15,2023-08-28T12:34:14
SBIN,INE062A01020,28-08-2023,NSE,EQ,EQ,buy,FALSE,23,572.95,63485319,1.30E+15,2023-08-28T12:34:14
SBIN,INE062A01020,28-08-2023,NSE,EQ,EQ,buy,FALSE,23,572.95,63485315,1.30E+15,2023-08-28T12:34:14
SBIN,INE062A01020,28-08-2023,NSE,EQ,EQ,buy,FALSE,2,572.95,63485316,1.30E+15,2023-08-28T12:34:14
SBIN,INE062A01020,28-08-2023,NSE,EQ,EQ,buy,FALSE,23,572.95,63485317,1.30E+15,2023-08-28T12:34:14
SBIN,INE062A01020,28-08-2023,NSE,EQ,EQ,buy,FALSE,2,572.95,63485314,1.30E+15,2023-08-28T12:34:14
SBIN,INE062A01020,14-02-2024,NSE,EQ,EQ,sell,FALSE,75,746.45,68481691,1.30E+15,2024-02-14T14:54:13
SHALBY,INE597J01018,06-06-2024,NSE,EQ,EQ,buy,FALSE,1,264.7,66952530,1.30E+15,2024-06-06T12:44:25
SHALBY,INE597J01018,06-06-2024,NSE,EQ,EQ,buy,FALSE,66,264.7,66952531,1.30E+15,2024-06-06T12:44:25
SHALBY,INE597J01018,06-06-2024,NSE,EQ,EQ,buy,FALSE,29,264.7,66952529,1.30E+15,2024-06-06T12:44:25
SHALBY,INE597J01018,06-06-2024,NSE,EQ,EQ,buy,FALSE,40,264.7,66952532,1.30E+15,2024-06-06T12:44:25
SHALBY,INE597J01018,06-06-2024,NSE,EQ,EQ,buy,FALSE,17,264.75,66952533,1.30E+15,2024-06-06T12:44:25
SHALBY,INE597J01018,06-06-2024,NSE,EQ,EQ,buy,FALSE,1,264.75,66952534,1.30E+15,2024-06-06T12:44:25
SHALBY,INE597J01018,06-06-2024,NSE,EQ,EQ,buy,FALSE,2,264.7,66952528,1.30E+15,2024-06-06T12:44:25
SHALBY,INE597J01018,06-06-2024,NSE,EQ,EQ,buy,FALSE,1,264.75,66952535,1.30E+15,2024-06-06T12:44:25
SHALBY,INE597J01018,06-06-2024,NSE,EQ,EQ,buy,FALSE,32,264.75,66952536,1.30E+15,2024-06-06T12:44:25
SHALBY,INE597J01018,06-06-2024,NSE,EQ,EQ,buy,FALSE,37,264.75,66952537,1.30E+15,2024-06-06T12:44:25
SHALBY,INE597J01018,06-06-2024,NSE,EQ,EQ,buy,FALSE,5,264.75,66952538,1.30E+15,2024-06-06T12:44:25
SHALBY,INE597J01018,06-06-2024,NSE,EQ,EQ,buy,FALSE,1,264.8,66952539,1.30E+15,2024-06-06T12:44:25
SHALBY,INE597J01018,06-06-2024,NSE,EQ,EQ,buy,FALSE,32,264.8,66952540,1.30E+15,2024-06-06T12:44:25
SHALBY,INE597J01018,06-06-2024,NSE,EQ,EQ,buy,FALSE,11,264.8,66952541,1.30E+15,2024-06-06T12:44:25
SHALBY,INE597J01018,06-06-2024,NSE,EQ,EQ,buy,FALSE,9,264.8,66952542,1.30E+15,2024-06-06T12:44:25
SHALBY,INE597J01018,06-06-2024,NSE,EQ,EQ,buy,FALSE,15,264.85,66952543,1.30E+15,2024-06-06T12:44:25
SHALBY,INE597J01018,06-06-2024,NSE,EQ,EQ,buy,FALSE,1,264.85,66952544,1.30E+15,2024-06-06T12:44:25
SHALBY,INE597J01018,06-06-2024,NSE,EQ,EQ,buy,FALSE,2,264.85,66952545,1.30E+15,2024-06-06T12:44:25
SRF,INE647A01010,07-09-2023,NSE,EQ,EQ,buy,FALSE,1,2456,62049830,1.30E+15,2023-09-07T10:27:58
SRF,INE647A01010,07-09-2023,NSE,EQ,EQ,buy,FALSE,4,2456,62049829,1.30E+15,2023-09-07T10:27:58
SRF,INE647A01010,07-09-2023,NSE,EQ,EQ,buy,FALSE,3,2456,62049831,1.30E+15,2023-09-07T10:27:58
SRF,INE647A01010,25-09-2023,NSE,EQ,EQ,buy,FALSE,1,2232.95,66519276,1.30E+15,2023-09-25T15:20:59
SRF,INE647A01010,25-09-2023,NSE,EQ,EQ,buy,FALSE,7,2232.95,66519274,1.30E+15,2023-09-25T15:20:59
SRF,INE647A01010,25-09-2023,NSE,EQ,EQ,buy,FALSE,1,2232.95,66519275,1.30E+15,2023-09-25T15:20:59
SRF,INE647A01010,17-10-2023,NSE,EQ,EQ,buy,FALSE,5,2275.15,65678001,1.30E+15,2023-10-17T15:04:00
SRF,INE647A01010,17-10-2023,NSE,EQ,EQ,buy,FALSE,2,2275.15,65678002,1.30E+15,2023-10-17T15:04:00
SRF,INE647A01010,17-10-2023,NSE,EQ,EQ,buy,FALSE,2,2275.15,65678003,1.30E+15,2023-10-17T15:04:00
SRF,INE647A01010,17-11-2023,BSE,EQ,A,sell,FALSE,10,2360.25,11118000,1.70E+18,2023-11-17T15:26:57
SRF,INE647A01010,17-11-2023,BSE,EQ,A,sell,FALSE,10,2359.7,11118500,1.70E+18,2023-11-17T15:26:57
SRF,INE647A01010,17-11-2023,BSE,EQ,A,sell,FALSE,6,2359.8,11118300,1.70E+18,2023-11-17T15:26:57
STARHEALTH,INE575P01011,05-09-2023,NSE,EQ,EQ,buy,FALSE,35,648.55,62746848,1.30E+15,2023-09-05T10:54:50
STARHEALTH,INE575P01011,05-09-2023,NSE,EQ,EQ,buy,FALSE,10,648.6,62746849,1.30E+15,2023-09-05T10:54:50
STARHEALTH,INE575P01011,25-09-2023,BSE,EQ,A,buy,FALSE,6,581.8,117371000,1.70E+18,2023-09-25T15:21:44
STARHEALTH,INE575P01011,25-09-2023,BSE,EQ,A,buy,FALSE,25,581.85,117371200,1.70E+18,2023-09-25T15:21:44
STARHEALTH,INE575P01011,25-09-2023,BSE,EQ,A,buy,FALSE,4,581.65,117370800,1.70E+18,2023-09-25T15:21:44
STARHEALTH,INE575P01011,17-10-2023,NSE,EQ,EQ,buy,FALSE,10,596.2,65533439,1.30E+15,2023-10-17T14:56:55
STARHEALTH,INE575P01011,17-10-2023,NSE,EQ,EQ,buy,FALSE,12,596.1,65533437,1.30E+15,2023-10-17T14:56:55
STARHEALTH,INE575P01011,17-10-2023,NSE,EQ,EQ,buy,FALSE,28,596.15,65533438,1.30E+15,2023-10-17T14:56:55
STARHEALTH,INE575P01011,26-02-2024,NSE,EQ,EQ,buy,FALSE,3,574.4,61299834,1.30E+15,2024-02-26T09:35:55
STARHEALTH,INE575P01011,26-02-2024,NSE,EQ,EQ,buy,FALSE,13,574.4,61299833,1.30E+15,2024-02-26T09:35:55
STARHEALTH,INE575P01011,26-02-2024,NSE,EQ,EQ,buy,FALSE,13,574.35,61299830,1.30E+15,2024-02-26T09:35:55
STARHEALTH,INE575P01011,26-02-2024,NSE,EQ,EQ,buy,FALSE,46,574.4,61299832,1.30E+15,2024-02-26T09:35:55
STARHEALTH,INE575P01011,26-02-2024,NSE,EQ,EQ,buy,FALSE,13,574.4,61299831,1.30E+15,2024-02-26T09:35:55
SUNTV,INE424H01027,26-09-2023,NSE,EQ,EQ,buy,FALSE,27,600.5,61899027,1.30E+15,2023-09-26T10:35:13
TANLA,INE483C01032,18-09-2023,NSE,EQ,EQ,buy,FALSE,34,1058.35,64235969,1.30E+15,2023-09-18T13:15:55
TANLA,INE483C01032,18-09-2023,NSE,EQ,EQ,buy,FALSE,21,1058.5,64235970,1.30E+15,2023-09-18T13:15:55
TATAELXSI,INE670A01012,18-09-2023,NSE,EQ,EQ,buy,FALSE,6,7302.9,63891581,1.30E+15,2023-09-18T12:47:34
TATAELXSI,INE670A01012,18-09-2023,NSE,EQ,EQ,buy,FALSE,1,7302.9,63891582,1.30E+15,2023-09-18T12:47:34
TATAELXSI,INE670A01012,18-09-2023,NSE,EQ,EQ,buy,FALSE,1,7302.95,63891583,1.30E+15,2023-09-18T12:47:34
TATAELXSI,INE670A01012,26-09-2023,NSE,EQ,EQ,buy,FALSE,3,7319.9,61865285,1.30E+15,2023-09-26T10:33:30
TATAELXSI,INE670A01012,17-10-2023,NSE,EQ,EQ,buy,FALSE,3,7423,65865981,1.30E+15,2023-10-17T15:10:59
TEAMLEASE,INE985S01024,11-09-2023,NSE,EQ,EQ,buy,FALSE,2,2690.85,62315459,1.30E+15,2023-09-11T10:16:52
TEAMLEASE,INE985S01024,11-09-2023,NSE,EQ,EQ,buy,FALSE,5,2691,62315462,1.30E+15,2023-09-11T10:16:52
TEAMLEASE,INE985S01024,11-09-2023,NSE,EQ,EQ,buy,FALSE,1,2690.9,62315461,1.30E+15,2023-09-11T10:16:52
TEAMLEASE,INE985S01024,11-09-2023,NSE,EQ,EQ,buy,FALSE,3,2690.9,62315460,1.30E+15,2023-09-11T10:16:52
TEAMLEASE,INE985S01024,20-12-2023,NSE,EQ,EQ,buy,FALSE,5,2993.4,65432714,1.30E+15,2023-12-20T12:34:00
TEAMLEASE,INE985S01024,20-12-2023,NSE,EQ,EQ,buy,FALSE,3,2993.65,65432715,1.30E+15,2023-12-20T12:34:00
TEAMLEASE,INE985S01024,20-12-2023,NSE,EQ,EQ,buy,FALSE,1,2993.7,65432716,1.30E+15,2023-12-20T12:34:00
TEAMLEASE,INE985S01024,20-12-2023,NSE,EQ,EQ,buy,FALSE,1,2993.35,65432713,1.30E+15,2023-12-20T12:34:00
VAIBHAVGBL,INE884A01027,11-09-2023,NSE,EQ,EQ,buy,FALSE,1,436.45,61981602,1.30E+15,2023-09-11T10:05:57
VAIBHAVGBL,INE884A01027,11-09-2023,NSE,EQ,EQ,buy,FALSE,48,436.5,61981603,1.30E+15,2023-09-11T10:05:57
VAIBHAVGBL,INE884A01027,11-09-2023,NSE,EQ,EQ,buy,FALSE,8,436.3,61981601,1.30E+15,2023-09-11T10:05:57
VAIBHAVGBL,INE884A01027,11-09-2023,NSE,EQ,EQ,buy,FALSE,13,436.2,61981600,1.30E+15,2023-09-11T10:05:57
VALIANTORG,INE565V01010,28-08-2023,NSE,EQ,EQ,buy,FALSE,5,463.25,66100754,1.30E+15,2023-08-28T15:22:00
VALIANTORG,INE565V01010,28-08-2023,NSE,EQ,EQ,buy,FALSE,1,463.25,66100755,1.30E+15,2023-08-28T15:22:00
VALIANTORG,INE565V01010,28-08-2023,NSE,EQ,EQ,buy,FALSE,14,463.25,66100756,1.30E+15,2023-08-28T15:22:00
VALIANTORG,INE565V01010,28-08-2023,NSE,EQ,EQ,buy,FALSE,1,463.4,66100757,1.30E+15,2023-08-28T15:22:00
VALIANTORG,INE565V01010,28-08-2023,NSE,EQ,EQ,buy,FALSE,1,463.4,66100758,1.30E+15,2023-08-28T15:22:00
VALIANTORG,INE565V01010,28-08-2023,NSE,EQ,EQ,buy,FALSE,1,463.4,66100759,1.30E+15,2023-08-28T15:22:00
VALIANTORG,INE565V01010,28-08-2023,NSE,EQ,EQ,buy,FALSE,7,463.45,66100760,1.30E+15,2023-08-28T15:22:00
VALIANTORG,INE565V01010,28-08-2023,NSE,EQ,EQ,buy,FALSE,7,463.45,66100761,1.30E+15,2023-08-28T15:22:00
VALIANTORG,INE565V01010,28-08-2023,NSE,EQ,EQ,buy,FALSE,7,463.45,66100763,1.30E+15,2023-08-28T15:22:00
VALIANTORG,INE565V01010,28-08-2023,NSE,EQ,EQ,buy,FALSE,11,463.55,66100764,1.30E+15,2023-08-28T15:22:00
VALIANTORG,INE565V01010,28-08-2023,NSE,EQ,EQ,buy,FALSE,3,463.65,66100765,1.30E+15,2023-08-28T15:22:00
VALIANTORG,INE565V01010,28-08-2023,NSE,EQ,EQ,buy,FALSE,1,463.45,66100762,1.30E+15,2023-08-28T15:22:00
VALIANTORG,INE565V01010,28-08-2023,NSE,EQ,EQ,buy,FALSE,16,463.25,66100753,1.30E+15,2023-08-28T15:22:00
WHIRLPOOL,INE716A01013,12-10-2023,NSE,EQ,EQ,buy,FALSE,8,1711.5,65013563,1.30E+15,2023-10-12T14:35:12
WHIRLPOOL,INE716A01013,12-10-2023,NSE,EQ,EQ,buy,FALSE,6,1711.45,65013562,1.30E+15,2023-10-12T14:35:12
WHIRLPOOL,INE716A01013,12-10-2023,NSE,EQ,EQ,buy,FALSE,1,1711.4,65013561,1.30E+15,2023-10-12T14:35:12
WHIRLPOOL,INE716A01013,12-10-2023,NSE,EQ,EQ,buy,FALSE,20,1710.85,65013560,1.30E+15,2023-10-12T14:35:12
WHIRLPOOL,INE716A01013,17-10-2023,NSE,EQ,EQ,buy,FALSE,3,1681.8,65576542,1.30E+15,2023-10-17T14:59:18
WHIRLPOOL,INE716A01013,17-10-2023,NSE,EQ,EQ,buy,FALSE,2,1682.2,65576546,1.30E+15,2023-10-17T14:59:18
WHIRLPOOL,INE716A01013,17-10-2023,NSE,EQ,EQ,buy,FALSE,1,1682.2,65576545,1.30E+15,2023-10-17T14:59:18
WHIRLPOOL,INE716A01013,17-10-2023,NSE,EQ,EQ,buy,FALSE,7,1682.15,65576544,1.30E+15,2023-10-17T14:59:18
WHIRLPOOL,INE716A01013,17-10-2023,NSE,EQ,EQ,buy,FALSE,5,1682.15,65576543,1.30E+15,2023-10-17T14:59:18
WHIRLPOOL,INE716A01013,27-06-2024,NSE,EQ,EQ,sell,FALSE,4,2003.85,73013008,1.30E+15,2024-06-27T09:30:39
WHIRLPOOL,INE716A01013,27-06-2024,NSE,EQ,EQ,sell,FALSE,5,2003.8,73013009,1.30E+15,2024-06-27T09:30:39
WHIRLPOOL,INE716A01013,27-06-2024,NSE,EQ,EQ,sell,FALSE,2,2003.8,73013010,1.30E+15,2024-06-27T09:30:39
WHIRLPOOL,INE716A01013,27-06-2024,NSE,EQ,EQ,sell,FALSE,6,2003.8,73013011,1.30E+15,2024-06-27T09:30:39
WHIRLPOOL,INE716A01013,27-06-2024,NSE,EQ,EQ,sell,FALSE,12,2003.8,73013012,1.30E+15,2024-06-27T09:30:39
WHIRLPOOL,INE716A01013,27-06-2024,NSE,EQ,EQ,sell,FALSE,17,2003.7,73013013,1.30E+15,2024-06-27T09:30:39
WHIRLPOOL,INE716A01013,27-06-2024,NSE,EQ,EQ,sell,FALSE,7,2003.65,73013014,1.30E+15,2024-06-27T09:30:39
WIPRO,INE075A01022,08-09-2023,NSE,EQ,EQ,buy,FALSE,80,430,62354796,1.30E+15,2023-09-08T10:42:11
WIPRO,INE075A01022,17-10-2023,NSE,EQ,EQ,buy,FALSE,49,411.6,65941316,1.30E+15,2023-10-17T15:13:47
WIPRO,INE075A01022,17-10-2023,NSE,EQ,EQ,buy,FALSE,21,411.6,65941315,1.30E+15,2023-10-17T15:13:47
CAMS,INE596I01012,12-07-2024,BSE,EQ,A,sell,FALSE,3,4110,84210400,1.72E+18,2024-07-12T10:24:07
CAMS,INE596I01012,12-07-2024,BSE,EQ,A,sell,FALSE,5,4109.6,84210600,1.72E+18,2024-07-12T10:24:07
CAMS,INE596I01012,12-07-2024,BSE,EQ,A,sell,FALSE,1,4109.35,84210800,1.72E+18,2024-07-12T10:24:07
CAMS,INE596I01012,12-07-2024,BSE,EQ,A,sell,FALSE,2,4109.15,84211000,1.72E+18,2024-07-12T10:24:07
CAMS,INE596I01012,12-07-2024,BSE,EQ,A,sell,FALSE,11,4108.85,84211200,1.72E+18,2024-07-12T10:24:07
CAMS,INE596I01012,12-07-2024,BSE,EQ,A,sell,FALSE,8,4108.75,84211400,1.72E+18,2024-07-12T10:24:07
CAMS,INE596I01012,12-07-2024,BSE,EQ,A,sell,FALSE,17,4108.5,84211700,1.72E+18,2024-07-12T10:24:07
BRITANNIA,INE216A01030,12-07-2024,NSE,EQ,EQ,sell,FALSE,6,5736.85,1893116,1.00E+15,2024-07-12T10:24:52
BRITANNIA,INE216A01030,12-07-2024,NSE,EQ,EQ,sell,FALSE,2,5736.85,1893117,1.00E+15,2024-07-12T10:24:52
BRITANNIA,INE216A01030,12-07-2024,NSE,EQ,EQ,sell,FALSE,2,5736.8,1893118,1.00E+15,2024-07-12T10:24:52
BRITANNIA,INE216A01030,12-07-2024,NSE,EQ,EQ,sell,FALSE,1,5736.8,1893119,1.00E+15,2024-07-12T10:24:52
BRITANNIA,INE216A01030,12-07-2024,NSE,EQ,EQ,sell,FALSE,2,5736.8,1893120,1.00E+15,2024-07-12T10:24:52
BRITANNIA,INE216A01030,12-07-2024,NSE,EQ,EQ,sell,FALSE,1,5736.8,1893121,1.00E+15,2024-07-12T10:24:52
BRITANNIA,INE216A01030,12-07-2024,NSE,EQ,EQ,sell,FALSE,3,5736.8,1893122,1.00E+15,2024-07-12T10:24:52
ANGELONE,INE732I01013,12-07-2024,NSE,EQ,EQ,buy,FALSE,11,2246.5,1949790,1.00E+15,2024-07-12T10:28:17
ANGELONE,INE732I01013,12-07-2024,NSE,EQ,EQ,buy,FALSE,2,2246.5,1949791,1.00E+15,2024-07-12T10:28:17
ANGELONE,INE732I01013,12-07-2024,NSE,EQ,EQ,buy,FALSE,3,2246.5,1949792,1.00E+15,2024-07-12T10:28:17
ANGELONE,INE732I01013,12-07-2024,NSE,EQ,EQ,buy,FALSE,5,2246.55,1949793,1.00E+15,2024-07-12T10:28:17
ANGELONE,INE732I01013,12-07-2024,NSE,EQ,EQ,buy,FALSE,12,2246.65,1949794,1.00E+15,2024-07-12T10:28:17
ANGELONE,INE732I01013,12-07-2024,NSE,EQ,EQ,buy,FALSE,5,2246.65,1949795,1.00E+15,2024-07-12T10:28:17
ANGELONE,INE732I01013,12-07-2024,NSE,EQ,EQ,buy,FALSE,5,2246.65,1949796,1.00E+15,2024-07-12T10:28:17
ANGELONE,INE732I01013,12-07-2024,NSE,EQ,EQ,buy,FALSE,5,2246.65,1949797,1.00E+15,2024-07-12T10:28:17
ANGELONE,INE732I01013,12-07-2024,NSE,EQ,EQ,buy,FALSE,20,2246.8,1949798,1.00E+15,2024-07-12T10:28:17
ANGELONE,INE732I01013,12-07-2024,NSE,EQ,EQ,buy,FALSE,2,2246.85,1949799,1.00E+15,2024-07-12T10:28:17
AAVAS,INE216P01012,12-07-2024,NSE,EQ,EQ,buy,FALSE,1,1802.05,1984344,1.00E+15,2024-07-12T10:30:25
AAVAS,INE216P01012,12-07-2024,NSE,EQ,EQ,buy,FALSE,11,1802.1,1984345,1.00E+15,2024-07-12T10:30:25
AAVAS,INE216P01012,12-07-2024,NSE,EQ,EQ,buy,FALSE,1,1802.45,1984346,1.00E+15,2024-07-12T10:30:25
AAVAS,INE216P01012,12-07-2024,NSE,EQ,EQ,buy,FALSE,1,1802.65,1984347,1.00E+15,2024-07-12T10:30:25
AAVAS,INE216P01012,12-07-2024,NSE,EQ,EQ,buy,FALSE,1,1802.7,1984348,1.00E+15,2024-07-12T10:30:25
AAVAS,INE216P01012,12-07-2024,NSE,EQ,EQ,buy,FALSE,26,1802.7,1984349,1.00E+15,2024-07-12T10:30:25
CAMS,INE596I01012,12-07-2024,BSE,EQ,A,sell,FALSE,3,4110,84210400,1.72076E+18,2024-07-12T10:24:07
CAMS,INE596I01012,12-07-2024,BSE,EQ,A,sell,FALSE,5,4109.6,84210600,1.72076E+18,2024-07-12T10:24:07
CAMS,INE596I01012,12-07-2024,BSE,EQ,A,sell,FALSE,1,4109.35,84210800,1.72076E+18,2024-07-12T10:24:07
CAMS,INE596I01012,12-07-2024,BSE,EQ,A,sell,FALSE,2,4109.15,84211000,1.72076E+18,2024-07-12T10:24:07
CAMS,INE596I01012,12-07-2024,BSE,EQ,A,sell,FALSE,11,4108.85,84211200,1.72076E+18,2024-07-12T10:24:07
CAMS,INE596I01012,12-07-2024,BSE,EQ,A,sell,FALSE,8,4108.75,84211400,1.72076E+18,2024-07-12T10:24:07
CAMS,INE596I01012,12-07-2024,BSE,EQ,A,sell,FALSE,17,4108.5,84211700,1.72076E+18,2024-07-12T10:24:07
BRITANNIA,INE216A01030,12-07-2024,NSE,EQ,EQ,sell,FALSE,6,5736.85,1893116,1E+15,2024-07-12T10:24:52
BRITANNIA,INE216A01030,12-07-2024,NSE,EQ,EQ,sell,FALSE,2,5736.85,1893117,1E+15,2024-07-12T10:24:52
BRITANNIA,INE216A01030,12-07-2024,NSE,EQ,EQ,sell,FALSE,2,5736.8,1893118,1E+15,2024-07-12T10:24:52
BRITANNIA,INE216A01030,12-07-2024,NSE,EQ,EQ,sell,FALSE,1,5736.8,1893119,1E+15,2024-07-12T10:24:52
BRITANNIA,INE216A01030,12-07-2024,NSE,EQ,EQ,sell,FALSE,2,5736.8,1893120,1E+15,2024-07-12T10:24:52
BRITANNIA,INE216A01030,12-07-2024,NSE,EQ,EQ,sell,FALSE,1,5736.8,1893121,1E+15,2024-07-12T10:24:52
BRITANNIA,INE216A01030,12-07-2024,NSE,EQ,EQ,sell,FALSE,3,5736.8,1893122,1E+15,2024-07-12T10:24:52
ANGELONE,INE732I01013,12-07-2024,NSE,EQ,EQ,buy,FALSE,11,2246.5,1949790,1E+15,2024-07-12T10:28:17
ANGELONE,INE732I01013,12-07-2024,NSE,EQ,EQ,buy,FALSE,2,2246.5,1949791,1E+15,2024-07-12T10:28:17
ANGELONE,INE732I01013,12-07-2024,NSE,EQ,EQ,buy,FALSE,3,2246.5,1949792,1E+15,2024-07-12T10:28:17
ANGELONE,INE732I01013,12-07-2024,NSE,EQ,EQ,buy,FALSE,5,2246.55,1949793,1E+15,2024-07-12T10:28:17
ANGELONE,INE732I01013,12-07-2024,NSE,EQ,EQ,buy,FALSE,12,2246.65,1949794,1E+15,2024-07-12T10:28:17
ANGELONE,INE732I01013,12-07-2024,NSE,EQ,EQ,buy,FALSE,5,2246.65,1949795,1E+15,2024-07-12T10:28:17
ANGELONE,INE732I01013,12-07-2024,NSE,EQ,EQ,buy,FALSE,5,2246.65,1949796,1E+15,2024-07-12T10:28:17
ANGELONE,INE732I01013,12-07-2024,NSE,EQ,EQ,buy,FALSE,5,2246.65,1949797,1E+15,2024-07-12T10:28:17
ANGELONE,INE732I01013,12-07-2024,NSE,EQ,EQ,buy,FALSE,20,2246.8,1949798,1E+15,2024-07-12T10:28:17
ANGELONE,INE732I01013,12-07-2024,NSE,EQ,EQ,buy,FALSE,2,2246.85,1949799,1E+15,2024-07-12T10:28:17
AAVAS,INE216P01012,12-07-2024,NSE,EQ,EQ,buy,FALSE,1,1802.05,1984344,1E+15,2024-07-12T10:30:25
AAVAS,INE216P01012,12-07-2024,NSE,EQ,EQ,buy,FALSE,11,1802.1,1984345,1E+15,2024-07-12T10:30:25
AAVAS,INE216P01012,12-07-2024,NSE,EQ,EQ,buy,FALSE,1,1802.45,1984346,1E+15,2024-07-12T10:30:25
AAVAS,INE216P01012,12-07-2024,NSE,EQ,EQ,buy,FALSE,1,1802.65,1984347,1E+15,2024-07-12T10:30:25
AAVAS,INE216P01012,12-07-2024,NSE,EQ,EQ,buy,FALSE,1,1802.7,1984348,1E+15,2024-07-12T10:30:25
AAVAS,INE216P01012,12-07-2024,NSE,EQ,EQ,buy,FALSE,26,1802.7,1984349,1E+15,2024-07-12T10:30:25
CAMPUS,INE278Y01022,15-07-2024,NSE,EQ,EQ,buy,FALSE,1,297,400252,1E+15,2024-07-15T09:20:38
CAMPUS,INE278Y01022,15-07-2024,NSE,EQ,EQ,buy,FALSE,1,297,400253,1E+15,2024-07-15T09:20:38
CAMPUS,INE278Y01022,15-07-2024,NSE,EQ,EQ,buy,FALSE,1,297.05,400254,1E+15,2024-07-15T09:20:38
CAMPUS,INE278Y01022,15-07-2024,NSE,EQ,EQ,buy,FALSE,16,297.05,400255,1E+15,2024-07-15T09:20:38
CAMPUS,INE278Y01022,15-07-2024,NSE,EQ,EQ,buy,FALSE,1,297.1,400256,1E+15,2024-07-15T09:20:38
CAMPUS,INE278Y01022,15-07-2024,NSE,EQ,EQ,buy,FALSE,1,297.15,400257,1E+15,2024-07-15T09:20:38
CAMPUS,INE278Y01022,15-07-2024,NSE,EQ,EQ,buy,FALSE,17,297.15,400258,1E+15,2024-07-15T09:20:38
CAMPUS,INE278Y01022,15-07-2024,NSE,EQ,EQ,buy,FALSE,2,297.2,400259,1E+15,2024-07-15T09:20:38
CAMPUS,INE278Y01022,15-07-2024,NSE,EQ,EQ,buy,FALSE,1,297.2,400260,1E+15,2024-07-15T09:20:38
CAMPUS,INE278Y01022,15-07-2024,NSE,EQ,EQ,buy,FALSE,36,297.2,400261,1E+15,2024-07-15T09:20:38
CAMPUS,INE278Y01022,15-07-2024,NSE,EQ,EQ,buy,FALSE,45,297.2,400262,1E+15,2024-07-15T09:20:38
CAMPUS,INE278Y01022,15-07-2024,NSE,EQ,EQ,buy,FALSE,18,297.2,400263,1E+15,2024-07-15T09:20:38
CAMPUS,INE278Y01022,15-07-2024,NSE,EQ,EQ,buy,FALSE,53,297.25,400264,1E+15,2024-07-15T09:20:38
CAMPUS,INE278Y01022,15-07-2024,NSE,EQ,EQ,buy,FALSE,4,297.25,400265,1E+15,2024-07-15T09:20:38
EMAMILTD,INE548C01032,18-07-2024,NSE,EQ,EQ,sell,FALSE,1,805.45,204952584,1.1E+15,2024-07-18T10:31:32
EMAMILTD,INE548C01032,18-07-2024,NSE,EQ,EQ,sell,FALSE,2,805.15,204952585,1.1E+15,2024-07-18T10:31:32
EMAMILTD,INE548C01032,18-07-2024,NSE,EQ,EQ,sell,FALSE,33,805.15,204952586,1.1E+15,2024-07-18T10:31:32
CAMPUS,INE278Y01022,23-07-2024,NSE,EQ,EQ,buy,FALSE,101,286.2,2145703,1E+15,2024-07-23T10:23:31
